2025-03-02 12:00:29,906 [Worker-6: Loading available Gradle versions] INFO  o.e.b.c.i.u.g.PublishedGradleVersions - Gradle version information cache is not available. Remote download required.
2025-03-02 12:06:37,289 [Worker-7: Creating project "RestAssured.APIAutomation"] INFO  o.e.m.c.i.l.LifecycleMappingFactory - Using org.eclipse.m2e.jdt.JarLifecycleMapping lifecycle mapping for MavenProject: RestAssured.APIAutomation:RestAssured.APIAutomation:0.0.1-SNAPSHOT @ C:\Users\athik\RestAssured-API-workspace\RestAssured.APIAutomation\pom.xml.
2025-03-02 12:06:38,070 [Worker-7: Creating project "RestAssured.APIAutomation"] INFO  o.e.m.j.i.AbstractJavaProjectConfigurator - Adding source folder /RestAssured.APIAutomation/src/main/java
2025-03-02 12:06:38,075 [Worker-7: Creating project "RestAssured.APIAutomation"] INFO  o.e.m.j.i.AbstractJavaProjectConfigurator - Adding resource folder /RestAssured.APIAutomation/src/main/resources
2025-03-02 12:06:38,076 [Worker-7: Creating project "RestAssured.APIAutomation"] INFO  o.e.m.j.i.AbstractJavaProjectConfigurator - Adding source folder /RestAssured.APIAutomation/src/test/java
2025-03-02 12:06:38,078 [Worker-7: Creating project "RestAssured.APIAutomation"] INFO  o.e.m.j.i.AbstractJavaProjectConfigurator - Adding resource folder /RestAssured.APIAutomation/src/test/resources
2025-03-02 12:06:39,023 [Worker-7: Building] WARN  o.a.m.s.f.DefaultMavenResourcesFiltering - Using platform encoding (UTF-8 actually) to copy filtered resources, i.e. build is platform dependent!
2025-03-02 12:06:39,028 [Worker-7: Building] INFO  o.a.m.s.f.DefaultMavenResourcesFiltering - Copying 0 resource from src\main\resources to target\classes
2025-03-02 12:06:39,032 [Worker-7: Building] WARN  o.a.m.s.f.DefaultMavenResourcesFiltering - Using platform encoding (UTF-8 actually) to copy filtered resources, i.e. build is platform dependent!
2025-03-02 12:06:39,034 [Worker-7: Building] INFO  o.a.m.s.f.DefaultMavenResourcesFiltering - Copying 0 resource from src\test\resources to target\test-classes
2025-03-02 12:08:29,822 [Worker-30: Building] WARN  o.a.m.s.f.DefaultMavenResourcesFiltering - Using platform encoding (UTF-8 actually) to copy filtered resources, i.e. build is platform dependent!
2025-03-02 12:08:29,824 [Worker-30: Building] INFO  o.a.m.s.f.DefaultMavenResourcesFiltering - skip non existing resourceDirectory C:\Users\athik\RestAssured-API-workspace\RestAssured.APIAutomation\src\main\resources
2025-03-02 12:08:29,829 [Worker-30: Building] WARN  o.a.m.s.f.DefaultMavenResourcesFiltering - Using platform encoding (UTF-8 actually) to copy filtered resources, i.e. build is platform dependent!
2025-03-02 12:08:29,834 [Worker-30: Building] INFO  o.a.m.s.f.DefaultMavenResourcesFiltering - Copying 0 resource from src\test\resources to target\test-classes
2025-03-02 12:10:36,689 [Worker-7: Building] WARN  o.a.m.s.f.DefaultMavenResourcesFiltering - Using platform encoding (UTF-8 actually) to copy filtered resources, i.e. build is platform dependent!
2025-03-02 12:10:36,690 [Worker-7: Building] INFO  o.a.m.s.f.DefaultMavenResourcesFiltering - skip non existing resourceDirectory C:\Users\athik\RestAssured-API-workspace\RestAssured.APIAutomation\src\main\resources
2025-03-02 12:10:36,694 [Worker-7: Building] WARN  o.a.m.s.f.DefaultMavenResourcesFiltering - Using platform encoding (UTF-8 actually) to copy filtered resources, i.e. build is platform dependent!
2025-03-02 12:10:36,696 [Worker-7: Building] INFO  o.a.m.s.f.DefaultMavenResourcesFiltering - Copying 0 resource from src\test\resources to target\test-classes
2025-03-02 12:12:23,728 [Worker-18: Building] INFO  o.e.m.c.i.l.LifecycleMappingFactory - Using org.eclipse.m2e.jdt.JarLifecycleMapping lifecycle mapping for MavenProject: com.example:restassured-api:1.0-SNAPSHOT @ C:\Users\athik\RestAssured-API-workspace\RestAssured.APIAutomation\pom.xml.
2025-03-02 12:12:24,053 [Worker-18: Building] WARN  o.a.m.s.f.DefaultMavenResourcesFiltering - Using platform encoding (UTF-8 actually) to copy filtered resources, i.e. build is platform dependent!
2025-03-02 12:12:24,054 [Worker-18: Building] INFO  o.a.m.s.f.DefaultMavenResourcesFiltering - skip non existing resourceDirectory C:\Users\athik\RestAssured-API-workspace\RestAssured.APIAutomation\src\main\resources
2025-03-02 12:12:24,061 [Worker-18: Building] WARN  o.a.m.s.f.DefaultMavenResourcesFiltering - Using platform encoding (UTF-8 actually) to copy filtered resources, i.e. build is platform dependent!
2025-03-02 12:12:24,064 [Worker-18: Building] INFO  o.a.m.s.f.DefaultMavenResourcesFiltering - Copying 0 resource from src\test\resources to target\test-classes
2025-03-02 12:12:57,478 [Worker-19: Building] WARN  o.a.m.s.f.DefaultMavenResourcesFiltering - Using platform encoding (UTF-8 actually) to copy filtered resources, i.e. build is platform dependent!
2025-03-02 12:12:57,480 [Worker-19: Building] INFO  o.a.m.s.f.DefaultMavenResourcesFiltering - skip non existing resourceDirectory C:\Users\athik\RestAssured-API-workspace\RestAssured.APIAutomation\src\main\resources
2025-03-02 12:12:57,484 [Worker-19: Building] WARN  o.a.m.s.f.DefaultMavenResourcesFiltering - Using platform encoding (UTF-8 actually) to copy filtered resources, i.e. build is platform dependent!
2025-03-02 12:12:57,486 [Worker-19: Building] INFO  o.a.m.s.f.DefaultMavenResourcesFiltering - Copying 0 resource from src\test\resources to target\test-classes
2025-03-02 12:13:06,761 [Worker-32: Building] WARN  o.a.m.s.f.DefaultMavenResourcesFiltering - Using platform encoding (UTF-8 actually) to copy filtered resources, i.e. build is platform dependent!
2025-03-02 12:13:06,762 [Worker-32: Building] INFO  o.a.m.s.f.DefaultMavenResourcesFiltering - skip non existing resourceDirectory C:\Users\athik\RestAssured-API-workspace\RestAssured.APIAutomation\src\main\resources
2025-03-02 12:13:06,765 [Worker-32: Building] WARN  o.a.m.s.f.DefaultMavenResourcesFiltering - Using platform encoding (UTF-8 actually) to copy filtered resources, i.e. build is platform dependent!
2025-03-02 12:13:06,767 [Worker-32: Building] INFO  o.a.m.s.f.DefaultMavenResourcesFiltering - Copying 0 resource from src\test\resources to target\test-classes
2025-03-02 12:13:25,251 [Worker-7: Updating Maven Project] INFO  o.e.m.c.i.p.ProjectConfigurationManager - Update started
2025-03-02 12:13:25,546 [Worker-7: Updating Maven Project] INFO  o.e.m.c.i.l.LifecycleMappingFactory - Using org.eclipse.m2e.jdt.JarLifecycleMapping lifecycle mapping for MavenProject: com.example:restassured-api:1.0-SNAPSHOT @ C:\Users\athik\RestAssured-API-workspace\RestAssured.APIAutomation\pom.xml.
2025-03-02 12:13:25,998 [Worker-7: Updating Maven Project] INFO  o.e.m.j.i.AbstractJavaProjectConfigurator - Adding source folder /RestAssured.APIAutomation/src/main/java
2025-03-02 12:13:25,998 [Worker-7: Updating Maven Project] INFO  o.e.m.j.i.AbstractJavaProjectConfigurator - Adding resource folder /RestAssured.APIAutomation/src/main/resources
2025-03-02 12:13:25,999 [Worker-7: Updating Maven Project] INFO  o.e.m.j.i.AbstractJavaProjectConfigurator - Adding source folder /RestAssured.APIAutomation/src/test/java
2025-03-02 12:13:26,000 [Worker-7: Updating Maven Project] INFO  o.e.m.j.i.AbstractJavaProjectConfigurator - Adding resource folder /RestAssured.APIAutomation/src/test/resources
2025-03-02 12:13:26,137 [Worker-7: Updating Maven Project] INFO  o.e.m.c.i.p.ProjectConfigurationManager - Update completed for 1 poms: local refresh takes 0.00 sec, refresh facades takes 0.00 sec, update config takes 0.00 sec 
2025-03-02 12:13:26,327 [Worker-19: Building] WARN  o.a.m.s.f.DefaultMavenResourcesFiltering - Using platform encoding (UTF-8 actually) to copy filtered resources, i.e. build is platform dependent!
2025-03-02 12:13:26,328 [Worker-19: Building] INFO  o.a.m.s.f.DefaultMavenResourcesFiltering - skip non existing resourceDirectory C:\Users\athik\RestAssured-API-workspace\RestAssured.APIAutomation\src\main\resources
2025-03-02 12:13:26,334 [Worker-19: Building] WARN  o.a.m.s.f.DefaultMavenResourcesFiltering - Using platform encoding (UTF-8 actually) to copy filtered resources, i.e. build is platform dependent!
2025-03-02 12:13:26,336 [Worker-19: Building] INFO  o.a.m.s.f.DefaultMavenResourcesFiltering - Copying 0 resource from src\test\resources to target\test-classes
2025-03-02 12:13:58,204 [Worker-13: Building] WARN  o.a.m.s.f.DefaultMavenResourcesFiltering - Using platform encoding (UTF-8 actually) to copy filtered resources, i.e. build is platform dependent!
2025-03-02 12:13:58,206 [Worker-13: Building] INFO  o.a.m.s.f.DefaultMavenResourcesFiltering - skip non existing resourceDirectory C:\Users\athik\RestAssured-API-workspace\RestAssured.APIAutomation\src\main\resources
2025-03-02 12:13:58,211 [Worker-13: Building] WARN  o.a.m.s.f.DefaultMavenResourcesFiltering - Using platform encoding (UTF-8 actually) to copy filtered resources, i.e. build is platform dependent!
2025-03-02 12:13:58,215 [Worker-13: Building] INFO  o.a.m.s.f.DefaultMavenResourcesFiltering - Copying 0 resource from src\test\resources to target\test-classes
2025-03-02 12:14:35,613 [main] INFO  o.e.m.jdt.internal.UnitTestSupport - Updating RestAssured.APIAutomation_testng.xml from maven configuration
2025-03-02 12:14:51,659 [main] INFO  o.e.m.jdt.internal.UnitTestSupport - Updating HTTPRequests from maven configuration
2025-03-02 12:14:53,042 [Worker-13: Launching HTTPRequests] INFO  o.e.m.c.i.e.AbstractTransferListenerAdapter - Downloading https://repo.maven.apache.org/maven2/org/junit/platform/junit-platform-launcher/1.9.3/junit-platform-launcher-1.9.3.jar
2025-03-02 12:14:53,239 [Worker-13: Launching HTTPRequests] INFO  o.e.m.c.i.e.AbstractTransferListenerAdapter - Downloaded https://repo.maven.apache.org/maven2/org/junit/platform/junit-platform-launcher/1.9.3/junit-platform-launcher-1.9.3.jar
2025-03-02 12:24:16,898 [Worker-19: Building] ERROR o.e.m.c.i.p.r.ProjectRegistryManager - Could not read pom.xml
org.eclipse.core.runtime.CoreException: Could not read pom.xml
	at org.eclipse.m2e.core.internal.IMavenToolbox.readModel(IMavenToolbox.java:245)
	at org.eclipse.m2e.core.internal.project.registry.ProjectRegistryManager.refreshPhase2(ProjectRegistryManager.java:591)
	at org.eclipse.m2e.core.internal.project.registry.ProjectRegistryManager.refresh(ProjectRegistryManager.java:491)
	at org.eclipse.m2e.core.internal.project.registry.ProjectRegistryManager.refresh(ProjectRegistryManager.java:370)
	at org.eclipse.m2e.core.internal.project.registry.ProjectRegistryManager.refresh(ProjectRegistryManager.java:322)
	at org.eclipse.m2e.core.internal.builder.MavenBuilder$BuildMethod.getProjectFacade(MavenBuilder.java:146)
	at org.eclipse.m2e.core.internal.builder.MavenBuilder$BuildMethod.lambda$0(MavenBuilder.java:84)
	at org.eclipse.m2e.core.internal.embedder.MavenExecutionContext.executeBare(MavenExecutionContext.java:458)
	at org.eclipse.m2e.core.internal.embedder.MavenExecutionContext.execute(MavenExecutionContext.java:339)
	at org.eclipse.m2e.core.internal.embedder.MavenExecutionContext.execute(MavenExecutionContext.java:278)
	at org.eclipse.m2e.core.internal.builder.MavenBuilder$BuildMethod.execute(MavenBuilder.java:83)
	at org.eclipse.m2e.core.internal.builder.MavenBuilder.build(MavenBuilder.java:192)
	at org.eclipse.core.internal.events.BuildManager$2.run(BuildManager.java:1077)
	at org.eclipse.core.runtime.SafeRunner.run(SafeRunner.java:47)
	at org.eclipse.core.internal.events.BuildManager.basicBuild(BuildManager.java:296)
	at org.eclipse.core.internal.events.BuildManager.basicBuild(BuildManager.java:352)
	at org.eclipse.core.internal.events.BuildManager$1.run(BuildManager.java:441)
	at org.eclipse.core.runtime.SafeRunner.run(SafeRunner.java:47)
	at org.eclipse.core.internal.events.BuildManager.basicBuild(BuildManager.java:444)
	at org.eclipse.core.internal.events.BuildManager.basicBuildLoop(BuildManager.java:555)
	at org.eclipse.core.internal.events.BuildManager.basicBuildLoop(BuildManager.java:503)
	at org.eclipse.core.internal.events.BuildManager.build(BuildManager.java:585)
	at org.eclipse.core.internal.events.AutoBuildJob.doBuild(AutoBuildJob.java:207)
	at org.eclipse.core.internal.events.AutoBuildJob.run(AutoBuildJob.java:300)
	at org.eclipse.core.internal.jobs.Worker.run(Worker.java:63)
Caused by: org.apache.maven.model.io.ModelParseException: expected START_TAG or END_TAG not TEXT (position: TEXT seen ...</dependency>>\r\n<d... @38:3) 
	at org.apache.maven.model.io.DefaultModelReader.read(DefaultModelReader.java:96)
	at org.apache.maven.model.io.DefaultModelReader.read(DefaultModelReader.java:74)
	at org.eclipse.m2e.core.internal.IMavenToolbox.readModel(IMavenToolbox.java:243)
	... 24 common frames omitted
Caused by: org.codehaus.plexus.util.xml.pull.XmlPullParserException: expected START_TAG or END_TAG not TEXT (position: TEXT seen ...</dependency>>\r\n<d... @38:3) 
	at org.codehaus.plexus.util.xml.pull.MXParser.nextTag(MXParser.java:1364)
	at org.apache.maven.model.io.xpp3.MavenXpp3Reader.parseModel(MavenXpp3Reader.java:2317)
	at org.apache.maven.model.io.xpp3.MavenXpp3Reader.read(MavenXpp3Reader.java:623)
	at org.apache.maven.model.io.xpp3.MavenXpp3Reader.read(MavenXpp3Reader.java:654)
	at org.apache.maven.model.io.DefaultModelReader.read(DefaultModelReader.java:93)
	... 26 common frames omitted
2025-03-02 12:24:18,181 [Worker-19: Building] ERROR o.e.m.c.i.p.r.ProjectRegistryManager - Could not read pom.xml
org.eclipse.core.runtime.CoreException: Could not read pom.xml
	at org.eclipse.m2e.core.internal.IMavenToolbox.readModel(IMavenToolbox.java:245)
	at org.eclipse.m2e.core.internal.project.registry.ProjectRegistryManager.refreshPhase2(ProjectRegistryManager.java:591)
	at org.eclipse.m2e.core.internal.project.registry.ProjectRegistryManager.refresh(ProjectRegistryManager.java:491)
	at org.eclipse.m2e.core.internal.project.registry.ProjectRegistryManager.refresh(ProjectRegistryManager.java:370)
	at org.eclipse.m2e.core.internal.project.registry.ProjectRegistryManager.refresh(ProjectRegistryManager.java:322)
	at org.eclipse.m2e.core.internal.builder.MavenBuilder$BuildMethod.getProjectFacade(MavenBuilder.java:146)
	at org.eclipse.m2e.core.internal.builder.MavenBuilder$BuildMethod.lambda$0(MavenBuilder.java:84)
	at org.eclipse.m2e.core.internal.embedder.MavenExecutionContext.executeBare(MavenExecutionContext.java:458)
	at org.eclipse.m2e.core.internal.embedder.MavenExecutionContext.execute(MavenExecutionContext.java:339)
	at org.eclipse.m2e.core.internal.embedder.MavenExecutionContext.execute(MavenExecutionContext.java:278)
	at org.eclipse.m2e.core.internal.builder.MavenBuilder$BuildMethod.execute(MavenBuilder.java:83)
	at org.eclipse.m2e.core.internal.builder.MavenBuilder.build(MavenBuilder.java:192)
	at org.eclipse.core.internal.events.BuildManager$2.run(BuildManager.java:1077)
	at org.eclipse.core.runtime.SafeRunner.run(SafeRunner.java:47)
	at org.eclipse.core.internal.events.BuildManager.basicBuild(BuildManager.java:296)
	at org.eclipse.core.internal.events.BuildManager.basicBuild(BuildManager.java:352)
	at org.eclipse.core.internal.events.BuildManager$1.run(BuildManager.java:441)
	at org.eclipse.core.runtime.SafeRunner.run(SafeRunner.java:47)
	at org.eclipse.core.internal.events.BuildManager.basicBuild(BuildManager.java:444)
	at org.eclipse.core.internal.events.BuildManager.basicBuildLoop(BuildManager.java:555)
	at org.eclipse.core.internal.events.BuildManager.basicBuildLoop(BuildManager.java:503)
	at org.eclipse.core.internal.events.BuildManager.build(BuildManager.java:585)
	at org.eclipse.core.internal.events.AutoBuildJob.doBuild(AutoBuildJob.java:207)
	at org.eclipse.core.internal.events.AutoBuildJob.run(AutoBuildJob.java:300)
	at org.eclipse.core.internal.jobs.Worker.run(Worker.java:63)
Caused by: org.apache.maven.model.io.ModelParseException: expected START_TAG or END_TAG not TEXT (position: TEXT seen ...</dependency>>\r\n<d... @38:3) 
	at org.apache.maven.model.io.DefaultModelReader.read(DefaultModelReader.java:96)
	at org.apache.maven.model.io.DefaultModelReader.read(DefaultModelReader.java:74)
	at org.eclipse.m2e.core.internal.IMavenToolbox.readModel(IMavenToolbox.java:243)
	... 24 common frames omitted
Caused by: org.codehaus.plexus.util.xml.pull.XmlPullParserException: expected START_TAG or END_TAG not TEXT (position: TEXT seen ...</dependency>>\r\n<d... @38:3) 
	at org.codehaus.plexus.util.xml.pull.MXParser.nextTag(MXParser.java:1364)
	at org.apache.maven.model.io.xpp3.MavenXpp3Reader.parseModel(MavenXpp3Reader.java:2317)
	at org.apache.maven.model.io.xpp3.MavenXpp3Reader.read(MavenXpp3Reader.java:623)
	at org.apache.maven.model.io.xpp3.MavenXpp3Reader.read(MavenXpp3Reader.java:654)
	at org.apache.maven.model.io.DefaultModelReader.read(DefaultModelReader.java:93)
	... 26 common frames omitted
2025-03-02 12:24:22,711 [Worker-30: Cleaning all projects] ERROR o.e.m.c.i.p.r.ProjectRegistryManager - Could not read pom.xml
org.eclipse.core.runtime.CoreException: Could not read pom.xml
	at org.eclipse.m2e.core.internal.IMavenToolbox.readModel(IMavenToolbox.java:245)
	at org.eclipse.m2e.core.internal.project.registry.ProjectRegistryManager.refreshPhase2(ProjectRegistryManager.java:591)
	at org.eclipse.m2e.core.internal.project.registry.ProjectRegistryManager.refresh(ProjectRegistryManager.java:491)
	at org.eclipse.m2e.core.internal.project.registry.ProjectRegistryManager.refresh(ProjectRegistryManager.java:370)
	at org.eclipse.m2e.core.internal.project.registry.ProjectRegistryManager.refresh(ProjectRegistryManager.java:322)
	at org.eclipse.m2e.core.internal.builder.MavenBuilder$BuildMethod.getProjectFacade(MavenBuilder.java:146)
	at org.eclipse.m2e.core.internal.builder.MavenBuilder$BuildMethod.lambda$0(MavenBuilder.java:84)
	at org.eclipse.m2e.core.internal.embedder.MavenExecutionContext.executeBare(MavenExecutionContext.java:458)
	at org.eclipse.m2e.core.internal.embedder.MavenExecutionContext.execute(MavenExecutionContext.java:339)
	at org.eclipse.m2e.core.internal.embedder.MavenExecutionContext.execute(MavenExecutionContext.java:278)
	at org.eclipse.m2e.core.internal.builder.MavenBuilder$BuildMethod.execute(MavenBuilder.java:83)
	at org.eclipse.m2e.core.internal.builder.MavenBuilder.clean(MavenBuilder.java:204)
	at org.eclipse.core.internal.events.BuildManager$2.run(BuildManager.java:1082)
	at org.eclipse.core.runtime.SafeRunner.run(SafeRunner.java:47)
	at org.eclipse.core.internal.events.BuildManager.basicBuild(BuildManager.java:296)
	at org.eclipse.core.internal.events.BuildManager.basicBuild(BuildManager.java:352)
	at org.eclipse.core.internal.events.BuildManager$1.run(BuildManager.java:441)
	at org.eclipse.core.runtime.SafeRunner.run(SafeRunner.java:47)
	at org.eclipse.core.internal.events.BuildManager.basicBuild(BuildManager.java:444)
	at org.eclipse.core.internal.events.BuildManager.basicBuildLoop(BuildManager.java:555)
	at org.eclipse.core.internal.events.BuildManager.basicBuildLoop(BuildManager.java:503)
	at org.eclipse.core.internal.events.BuildManager.build(BuildManager.java:585)
	at org.eclipse.core.internal.resources.Workspace.buildInternal(Workspace.java:601)
	at org.eclipse.core.internal.resources.Workspace.build(Workspace.java:490)
	at org.eclipse.ui.internal.ide.dialogs.CleanDialog.doClean(CleanDialog.java:355)
	at org.eclipse.ui.internal.ide.dialogs.CleanDialog$1.runInWorkspace(CleanDialog.java:159)
	at org.eclipse.core.internal.resources.InternalWorkspaceJob.run(InternalWorkspaceJob.java:43)
	at org.eclipse.core.internal.jobs.Worker.run(Worker.java:63)
Caused by: org.apache.maven.model.io.ModelParseException: expected START_TAG or END_TAG not TEXT (position: TEXT seen ...</dependency>>\r\n<d... @38:3) 
	at org.apache.maven.model.io.DefaultModelReader.read(DefaultModelReader.java:96)
	at org.apache.maven.model.io.DefaultModelReader.read(DefaultModelReader.java:74)
	at org.eclipse.m2e.core.internal.IMavenToolbox.readModel(IMavenToolbox.java:243)
	... 27 common frames omitted
Caused by: org.codehaus.plexus.util.xml.pull.XmlPullParserException: expected START_TAG or END_TAG not TEXT (position: TEXT seen ...</dependency>>\r\n<d... @38:3) 
	at org.codehaus.plexus.util.xml.pull.MXParser.nextTag(MXParser.java:1364)
	at org.apache.maven.model.io.xpp3.MavenXpp3Reader.parseModel(MavenXpp3Reader.java:2317)
	at org.apache.maven.model.io.xpp3.MavenXpp3Reader.read(MavenXpp3Reader.java:623)
	at org.apache.maven.model.io.xpp3.MavenXpp3Reader.read(MavenXpp3Reader.java:654)
	at org.apache.maven.model.io.DefaultModelReader.read(DefaultModelReader.java:93)
	... 29 common frames omitted
2025-03-02 12:24:22,841 [Worker-38: Building] ERROR o.e.m.c.i.p.r.ProjectRegistryManager - Could not read pom.xml
org.eclipse.core.runtime.CoreException: Could not read pom.xml
	at org.eclipse.m2e.core.internal.IMavenToolbox.readModel(IMavenToolbox.java:245)
	at org.eclipse.m2e.core.internal.project.registry.ProjectRegistryManager.refreshPhase2(ProjectRegistryManager.java:591)
	at org.eclipse.m2e.core.internal.project.registry.ProjectRegistryManager.refresh(ProjectRegistryManager.java:491)
	at org.eclipse.m2e.core.internal.project.registry.ProjectRegistryManager.refresh(ProjectRegistryManager.java:370)
	at org.eclipse.m2e.core.internal.project.registry.ProjectRegistryManager.refresh(ProjectRegistryManager.java:322)
	at org.eclipse.m2e.core.internal.builder.MavenBuilder$BuildMethod.getProjectFacade(MavenBuilder.java:146)
	at org.eclipse.m2e.core.internal.builder.MavenBuilder$BuildMethod.lambda$0(MavenBuilder.java:84)
	at org.eclipse.m2e.core.internal.embedder.MavenExecutionContext.executeBare(MavenExecutionContext.java:458)
	at org.eclipse.m2e.core.internal.embedder.MavenExecutionContext.execute(MavenExecutionContext.java:339)
	at org.eclipse.m2e.core.internal.embedder.MavenExecutionContext.execute(MavenExecutionContext.java:278)
	at org.eclipse.m2e.core.internal.builder.MavenBuilder$BuildMethod.execute(MavenBuilder.java:83)
	at org.eclipse.m2e.core.internal.builder.MavenBuilder.build(MavenBuilder.java:192)
	at org.eclipse.core.internal.events.BuildManager$2.run(BuildManager.java:1077)
	at org.eclipse.core.runtime.SafeRunner.run(SafeRunner.java:47)
	at org.eclipse.core.internal.events.BuildManager.basicBuild(BuildManager.java:296)
	at org.eclipse.core.internal.events.BuildManager.basicBuild(BuildManager.java:352)
	at org.eclipse.core.internal.events.BuildManager$1.run(BuildManager.java:441)
	at org.eclipse.core.runtime.SafeRunner.run(SafeRunner.java:47)
	at org.eclipse.core.internal.events.BuildManager.basicBuild(BuildManager.java:444)
	at org.eclipse.core.internal.events.BuildManager.basicBuildLoop(BuildManager.java:555)
	at org.eclipse.core.internal.events.BuildManager.basicBuildLoop(BuildManager.java:503)
	at org.eclipse.core.internal.events.BuildManager.build(BuildManager.java:585)
	at org.eclipse.core.internal.events.AutoBuildJob.doBuild(AutoBuildJob.java:207)
	at org.eclipse.core.internal.events.AutoBuildJob.run(AutoBuildJob.java:300)
	at org.eclipse.core.internal.jobs.Worker.run(Worker.java:63)
Caused by: org.apache.maven.model.io.ModelParseException: expected START_TAG or END_TAG not TEXT (position: TEXT seen ...</dependency>>\r\n<d... @38:3) 
	at org.apache.maven.model.io.DefaultModelReader.read(DefaultModelReader.java:96)
	at org.apache.maven.model.io.DefaultModelReader.read(DefaultModelReader.java:74)
	at org.eclipse.m2e.core.internal.IMavenToolbox.readModel(IMavenToolbox.java:243)
	... 24 common frames omitted
Caused by: org.codehaus.plexus.util.xml.pull.XmlPullParserException: expected START_TAG or END_TAG not TEXT (position: TEXT seen ...</dependency>>\r\n<d... @38:3) 
	at org.codehaus.plexus.util.xml.pull.MXParser.nextTag(MXParser.java:1364)
	at org.apache.maven.model.io.xpp3.MavenXpp3Reader.parseModel(MavenXpp3Reader.java:2317)
	at org.apache.maven.model.io.xpp3.MavenXpp3Reader.read(MavenXpp3Reader.java:623)
	at org.apache.maven.model.io.xpp3.MavenXpp3Reader.read(MavenXpp3Reader.java:654)
	at org.apache.maven.model.io.DefaultModelReader.read(DefaultModelReader.java:93)
	... 26 common frames omitted
2025-03-02 12:24:30,796 [Worker-13: Building] INFO  o.e.m.c.i.l.LifecycleMappingFactory - Using org.eclipse.m2e.jdt.JarLifecycleMapping lifecycle mapping for MavenProject: com.example:restassured-api:1.0-SNAPSHOT @ C:\Users\athik\RestAssured-API-workspace\RestAssured.APIAutomation\pom.xml.
2025-03-02 12:24:31,340 [Worker-13: Building] WARN  o.a.m.s.f.DefaultMavenResourcesFiltering - Using platform encoding (UTF-8 actually) to copy filtered resources, i.e. build is platform dependent!
2025-03-02 12:24:31,342 [Worker-13: Building] INFO  o.a.m.s.f.DefaultMavenResourcesFiltering - skip non existing resourceDirectory C:\Users\athik\RestAssured-API-workspace\RestAssured.APIAutomation\src\main\resources
2025-03-02 12:24:31,347 [Worker-13: Building] WARN  o.a.m.s.f.DefaultMavenResourcesFiltering - Using platform encoding (UTF-8 actually) to copy filtered resources, i.e. build is platform dependent!
2025-03-02 12:24:31,351 [Worker-13: Building] INFO  o.a.m.s.f.DefaultMavenResourcesFiltering - Copying 0 resource from src\test\resources to target\test-classes
2025-03-02 12:24:37,720 [Worker-38: Building] WARN  o.a.m.s.f.DefaultMavenResourcesFiltering - Using platform encoding (UTF-8 actually) to copy filtered resources, i.e. build is platform dependent!
2025-03-02 12:24:37,722 [Worker-38: Building] INFO  o.a.m.s.f.DefaultMavenResourcesFiltering - skip non existing resourceDirectory C:\Users\athik\RestAssured-API-workspace\RestAssured.APIAutomation\src\main\resources
2025-03-02 12:24:37,725 [Worker-38: Building] WARN  o.a.m.s.f.DefaultMavenResourcesFiltering - Using platform encoding (UTF-8 actually) to copy filtered resources, i.e. build is platform dependent!
2025-03-02 12:24:37,726 [Worker-38: Building] INFO  o.a.m.s.f.DefaultMavenResourcesFiltering - Copying 0 resource from src\test\resources to target\test-classes
2025-03-02 12:27:43,105 [Worker-41: Updating Maven Project] INFO  o.e.m.c.i.p.ProjectConfigurationManager - Update started
2025-03-02 12:27:43,232 [Worker-41: Updating Maven Project] INFO  o.e.m.c.i.l.LifecycleMappingFactory - Using org.eclipse.m2e.jdt.JarLifecycleMapping lifecycle mapping for MavenProject: com.example:restassured-api:1.0-SNAPSHOT @ C:\Users\athik\RestAssured-API-workspace\RestAssured.APIAutomation\pom.xml.
2025-03-02 12:27:43,442 [Worker-41: Updating Maven Project] INFO  o.e.m.j.i.AbstractJavaProjectConfigurator - Adding source folder /RestAssured.APIAutomation/src/main/java
2025-03-02 12:27:43,443 [Worker-41: Updating Maven Project] INFO  o.e.m.j.i.AbstractJavaProjectConfigurator - Adding resource folder /RestAssured.APIAutomation/src/main/resources
2025-03-02 12:27:43,443 [Worker-41: Updating Maven Project] INFO  o.e.m.j.i.AbstractJavaProjectConfigurator - Adding source folder /RestAssured.APIAutomation/src/test/java
2025-03-02 12:27:43,444 [Worker-41: Updating Maven Project] INFO  o.e.m.j.i.AbstractJavaProjectConfigurator - Adding resource folder /RestAssured.APIAutomation/src/test/resources
2025-03-02 12:27:43,482 [Worker-41: Updating Maven Project] INFO  o.e.m.jdt.internal.UnitTestSupport - Reset launch configuration name: RestAssured.APIAutomation_testng.xml
2025-03-02 12:27:43,483 [Worker-41: Updating Maven Project] INFO  o.e.m.jdt.internal.UnitTestSupport - Updating RestAssured.APIAutomation_testng.xml from maven configuration
2025-03-02 12:27:43,638 [Worker-41: Updating Maven Project] INFO  o.e.m.jdt.internal.UnitTestSupport - Reset launch configuration name: HTTPRequests
2025-03-02 12:27:43,639 [Worker-41: Updating Maven Project] INFO  o.e.m.jdt.internal.UnitTestSupport - Updating HTTPRequests from maven configuration
2025-03-02 12:27:43,657 [Worker-41: Updating Maven Project] INFO  o.e.m.c.i.p.ProjectConfigurationManager - Update completed for 1 poms: local refresh takes 0.00 sec, refresh facades takes 0.00 sec, update config takes 0.00 sec 
2025-03-02 12:27:43,841 [Worker-40: Building] WARN  o.a.m.s.f.DefaultMavenResourcesFiltering - Using platform encoding (UTF-8 actually) to copy filtered resources, i.e. build is platform dependent!
2025-03-02 12:27:43,842 [Worker-40: Building] INFO  o.a.m.s.f.DefaultMavenResourcesFiltering - skip non existing resourceDirectory C:\Users\athik\RestAssured-API-workspace\RestAssured.APIAutomation\src\main\resources
2025-03-02 12:27:43,844 [Worker-40: Building] WARN  o.a.m.s.f.DefaultMavenResourcesFiltering - Using platform encoding (UTF-8 actually) to copy filtered resources, i.e. build is platform dependent!
2025-03-02 12:27:43,845 [Worker-40: Building] INFO  o.a.m.s.f.DefaultMavenResourcesFiltering - Copying 0 resource from src\test\resources to target\test-classes
2025-03-02 12:28:20,875 [Worker-40: Building] WARN  o.a.m.s.f.DefaultMavenResourcesFiltering - Using platform encoding (UTF-8 actually) to copy filtered resources, i.e. build is platform dependent!
2025-03-02 12:28:20,876 [Worker-40: Building] INFO  o.a.m.s.f.DefaultMavenResourcesFiltering - skip non existing resourceDirectory C:\Users\athik\RestAssured-API-workspace\RestAssured.APIAutomation\src\main\resources
2025-03-02 12:28:20,877 [Worker-40: Building] WARN  o.a.m.s.f.DefaultMavenResourcesFiltering - Using platform encoding (UTF-8 actually) to copy filtered resources, i.e. build is platform dependent!
2025-03-02 12:28:20,878 [Worker-40: Building] INFO  o.a.m.s.f.DefaultMavenResourcesFiltering - Copying 0 resource from src\test\resources to target\test-classes
2025-03-02 12:28:40,215 [Worker-40: Updating Maven Project] INFO  o.e.m.c.i.p.ProjectConfigurationManager - Update started
2025-03-02 12:28:40,334 [Worker-40: Updating Maven Project] INFO  o.e.m.c.i.l.LifecycleMappingFactory - Using org.eclipse.m2e.jdt.JarLifecycleMapping lifecycle mapping for MavenProject: com.example:restassured-api:1.0-SNAPSHOT @ C:\Users\athik\RestAssured-API-workspace\RestAssured.APIAutomation\pom.xml.
2025-03-02 12:28:40,505 [Worker-40: Updating Maven Project] INFO  o.e.m.j.i.AbstractJavaProjectConfigurator - Adding source folder /RestAssured.APIAutomation/src/main/java
2025-03-02 12:28:40,506 [Worker-40: Updating Maven Project] INFO  o.e.m.j.i.AbstractJavaProjectConfigurator - Adding resource folder /RestAssured.APIAutomation/src/main/resources
2025-03-02 12:28:40,507 [Worker-40: Updating Maven Project] INFO  o.e.m.j.i.AbstractJavaProjectConfigurator - Adding source folder /RestAssured.APIAutomation/src/test/java
2025-03-02 12:28:40,507 [Worker-40: Updating Maven Project] INFO  o.e.m.j.i.AbstractJavaProjectConfigurator - Adding resource folder /RestAssured.APIAutomation/src/test/resources
2025-03-02 12:28:40,539 [Worker-40: Updating Maven Project] INFO  o.e.m.jdt.internal.UnitTestSupport - Reset launch configuration name: RestAssured.APIAutomation_testng.xml
2025-03-02 12:28:40,539 [Worker-40: Updating Maven Project] INFO  o.e.m.jdt.internal.UnitTestSupport - Updating RestAssured.APIAutomation_testng.xml from maven configuration
2025-03-02 12:28:40,675 [Worker-40: Updating Maven Project] INFO  o.e.m.jdt.internal.UnitTestSupport - Reset launch configuration name: HTTPRequests
2025-03-02 12:28:40,676 [Worker-40: Updating Maven Project] INFO  o.e.m.jdt.internal.UnitTestSupport - Updating HTTPRequests from maven configuration
2025-03-02 12:28:40,696 [Worker-40: Updating Maven Project] INFO  o.e.m.c.i.p.ProjectConfigurationManager - Update completed for 1 poms: local refresh takes 0.00 sec, refresh facades takes 0.00 sec, update config takes 0.00 sec 
2025-03-02 12:28:40,879 [Worker-39: Building] WARN  o.a.m.s.f.DefaultMavenResourcesFiltering - Using platform encoding (UTF-8 actually) to copy filtered resources, i.e. build is platform dependent!
2025-03-02 12:28:40,879 [Worker-39: Building] INFO  o.a.m.s.f.DefaultMavenResourcesFiltering - skip non existing resourceDirectory C:\Users\athik\RestAssured-API-workspace\RestAssured.APIAutomation\src\main\resources
2025-03-02 12:28:40,881 [Worker-39: Building] WARN  o.a.m.s.f.DefaultMavenResourcesFiltering - Using platform encoding (UTF-8 actually) to copy filtered resources, i.e. build is platform dependent!
2025-03-02 12:28:40,882 [Worker-39: Building] INFO  o.a.m.s.f.DefaultMavenResourcesFiltering - Copying 0 resource from src\test\resources to target\test-classes
2025-03-02 12:28:46,153 [Worker-13: Building] WARN  o.a.m.s.f.DefaultMavenResourcesFiltering - Using platform encoding (UTF-8 actually) to copy filtered resources, i.e. build is platform dependent!
2025-03-02 12:28:46,154 [Worker-13: Building] INFO  o.a.m.s.f.DefaultMavenResourcesFiltering - skip non existing resourceDirectory C:\Users\athik\RestAssured-API-workspace\RestAssured.APIAutomation\src\main\resources
2025-03-02 12:28:46,155 [Worker-13: Building] WARN  o.a.m.s.f.DefaultMavenResourcesFiltering - Using platform encoding (UTF-8 actually) to copy filtered resources, i.e. build is platform dependent!
2025-03-02 12:28:46,157 [Worker-13: Building] INFO  o.a.m.s.f.DefaultMavenResourcesFiltering - Copying 0 resource from src\test\resources to target\test-classes
2025-03-02 12:29:02,975 [Worker-41: Updating Maven Project] INFO  o.e.m.c.i.p.ProjectConfigurationManager - Update started
2025-03-02 12:29:03,094 [Worker-41: Updating Maven Project] INFO  o.e.m.c.i.l.LifecycleMappingFactory - Using org.eclipse.m2e.jdt.JarLifecycleMapping lifecycle mapping for MavenProject: com.example:restassured-api:1.0-SNAPSHOT @ C:\Users\athik\RestAssured-API-workspace\RestAssured.APIAutomation\pom.xml.
2025-03-02 12:29:03,267 [Worker-41: Updating Maven Project] INFO  o.e.m.j.i.AbstractJavaProjectConfigurator - Adding source folder /RestAssured.APIAutomation/src/main/java
2025-03-02 12:29:03,268 [Worker-41: Updating Maven Project] INFO  o.e.m.j.i.AbstractJavaProjectConfigurator - Adding resource folder /RestAssured.APIAutomation/src/main/resources
2025-03-02 12:29:03,268 [Worker-41: Updating Maven Project] INFO  o.e.m.j.i.AbstractJavaProjectConfigurator - Adding source folder /RestAssured.APIAutomation/src/test/java
2025-03-02 12:29:03,268 [Worker-41: Updating Maven Project] INFO  o.e.m.j.i.AbstractJavaProjectConfigurator - Adding resource folder /RestAssured.APIAutomation/src/test/resources
2025-03-02 12:29:03,296 [Worker-41: Updating Maven Project] INFO  o.e.m.jdt.internal.UnitTestSupport - Reset launch configuration name: RestAssured.APIAutomation_testng.xml
2025-03-02 12:29:03,296 [Worker-41: Updating Maven Project] INFO  o.e.m.jdt.internal.UnitTestSupport - Updating RestAssured.APIAutomation_testng.xml from maven configuration
2025-03-02 12:29:03,417 [Worker-41: Updating Maven Project] INFO  o.e.m.jdt.internal.UnitTestSupport - Reset launch configuration name: HTTPRequests
2025-03-02 12:29:03,417 [Worker-41: Updating Maven Project] INFO  o.e.m.jdt.internal.UnitTestSupport - Updating HTTPRequests from maven configuration
2025-03-02 12:29:03,432 [Worker-41: Updating Maven Project] INFO  o.e.m.c.i.p.ProjectConfigurationManager - Update completed for 1 poms: local refresh takes 0.00 sec, refresh facades takes 0.00 sec, update config takes 0.00 sec 
2025-03-02 12:29:03,612 [Worker-19: Building] WARN  o.a.m.s.f.DefaultMavenResourcesFiltering - Using platform encoding (UTF-8 actually) to copy filtered resources, i.e. build is platform dependent!
2025-03-02 12:29:03,613 [Worker-19: Building] INFO  o.a.m.s.f.DefaultMavenResourcesFiltering - skip non existing resourceDirectory C:\Users\athik\RestAssured-API-workspace\RestAssured.APIAutomation\src\main\resources
2025-03-02 12:29:03,615 [Worker-19: Building] WARN  o.a.m.s.f.DefaultMavenResourcesFiltering - Using platform encoding (UTF-8 actually) to copy filtered resources, i.e. build is platform dependent!
2025-03-02 12:29:03,616 [Worker-19: Building] INFO  o.a.m.s.f.DefaultMavenResourcesFiltering - Copying 0 resource from src\test\resources to target\test-classes
2025-03-02 12:35:57,010 [Worker-4: Loading available Gradle versions] INFO  o.e.b.c.i.u.g.PublishedGradleVersions - Gradle version information cache is up-to-date. Trying to read.
2025-03-02 12:36:43,183 [Worker-19: Building] WARN  o.a.m.s.f.DefaultMavenResourcesFiltering - Using platform encoding (UTF-8 actually) to copy filtered resources, i.e. build is platform dependent!
2025-03-02 12:36:43,184 [Worker-19: Building] INFO  o.a.m.s.f.DefaultMavenResourcesFiltering - skip non existing resourceDirectory C:\Users\athik\RestAssured-API-workspace\RestAssured.APIAutomation\src\main\resources
2025-03-02 12:36:43,188 [Worker-19: Building] WARN  o.a.m.s.f.DefaultMavenResourcesFiltering - Using platform encoding (UTF-8 actually) to copy filtered resources, i.e. build is platform dependent!
2025-03-02 12:36:43,191 [Worker-19: Building] INFO  o.a.m.s.f.DefaultMavenResourcesFiltering - Copying 0 resource from src\test\resources to target\test-classes
2025-03-02 23:46:05,650 [Worker-45: Building] WARN  o.a.m.s.f.DefaultMavenResourcesFiltering - Using platform encoding (UTF-8 actually) to copy filtered resources, i.e. build is platform dependent!
2025-03-02 23:46:05,653 [Worker-45: Building] INFO  o.a.m.s.f.DefaultMavenResourcesFiltering - skip non existing resourceDirectory C:\Users\athik\RestAssured-API-workspace\RestAssured.APIAutomation\src\main\resources
2025-03-02 23:46:05,656 [Worker-45: Building] WARN  o.a.m.s.f.DefaultMavenResourcesFiltering - Using platform encoding (UTF-8 actually) to copy filtered resources, i.e. build is platform dependent!
2025-03-02 23:46:05,658 [Worker-45: Building] INFO  o.a.m.s.f.DefaultMavenResourcesFiltering - Copying 0 resource from src\test\resources to target\test-classes
2025-03-02 23:51:32,360 [main] INFO  o.e.m.jdt.internal.UnitTestSupport - Updating HTTPRequests.getUsers from maven configuration
2025-03-02 23:51:40,120 [Worker-46: Building] WARN  o.a.m.s.f.DefaultMavenResourcesFiltering - Using platform encoding (UTF-8 actually) to copy filtered resources, i.e. build is platform dependent!
2025-03-02 23:51:40,121 [Worker-46: Building] INFO  o.a.m.s.f.DefaultMavenResourcesFiltering - skip non existing resourceDirectory C:\Users\athik\RestAssured-API-workspace\RestAssured.APIAutomation\src\main\resources
2025-03-02 23:51:40,123 [Worker-46: Building] WARN  o.a.m.s.f.DefaultMavenResourcesFiltering - Using platform encoding (UTF-8 actually) to copy filtered resources, i.e. build is platform dependent!
2025-03-02 23:51:40,124 [Worker-46: Building] INFO  o.a.m.s.f.DefaultMavenResourcesFiltering - Copying 0 resource from src\test\resources to target\test-classes
2025-03-02 23:52:11,597 [Worker-45: Building] WARN  o.a.m.s.f.DefaultMavenResourcesFiltering - Using platform encoding (UTF-8 actually) to copy filtered resources, i.e. build is platform dependent!
2025-03-02 23:52:11,598 [Worker-45: Building] INFO  o.a.m.s.f.DefaultMavenResourcesFiltering - skip non existing resourceDirectory C:\Users\athik\RestAssured-API-workspace\RestAssured.APIAutomation\src\main\resources
2025-03-02 23:52:11,599 [Worker-45: Building] WARN  o.a.m.s.f.DefaultMavenResourcesFiltering - Using platform encoding (UTF-8 actually) to copy filtered resources, i.e. build is platform dependent!
2025-03-02 23:52:11,600 [Worker-45: Building] INFO  o.a.m.s.f.DefaultMavenResourcesFiltering - Copying 0 resource from src\test\resources to target\test-classes
2025-03-02 23:55:44,589 [Worker-48: Building] WARN  o.a.m.s.f.DefaultMavenResourcesFiltering - Using platform encoding (UTF-8 actually) to copy filtered resources, i.e. build is platform dependent!
2025-03-02 23:55:44,590 [Worker-48: Building] INFO  o.a.m.s.f.DefaultMavenResourcesFiltering - skip non existing resourceDirectory C:\Users\athik\RestAssured-API-workspace\RestAssured.APIAutomation\src\main\resources
2025-03-02 23:55:44,591 [Worker-48: Building] WARN  o.a.m.s.f.DefaultMavenResourcesFiltering - Using platform encoding (UTF-8 actually) to copy filtered resources, i.e. build is platform dependent!
2025-03-02 23:55:44,591 [Worker-48: Building] INFO  o.a.m.s.f.DefaultMavenResourcesFiltering - Copying 0 resource from src\test\resources to target\test-classes
2025-03-02 23:56:15,535 [Worker-44: Building] WARN  o.a.m.s.f.DefaultMavenResourcesFiltering - Using platform encoding (UTF-8 actually) to copy filtered resources, i.e. build is platform dependent!
2025-03-02 23:56:15,536 [Worker-44: Building] INFO  o.a.m.s.f.DefaultMavenResourcesFiltering - skip non existing resourceDirectory C:\Users\athik\RestAssured-API-workspace\RestAssured.APIAutomation\src\main\resources
2025-03-02 23:56:15,538 [Worker-44: Building] WARN  o.a.m.s.f.DefaultMavenResourcesFiltering - Using platform encoding (UTF-8 actually) to copy filtered resources, i.e. build is platform dependent!
2025-03-02 23:56:15,538 [Worker-44: Building] INFO  o.a.m.s.f.DefaultMavenResourcesFiltering - Copying 0 resource from src\test\resources to target\test-classes
2025-03-03 00:06:23,280 [Worker-49: Building] WARN  o.a.m.s.f.DefaultMavenResourcesFiltering - Using platform encoding (UTF-8 actually) to copy filtered resources, i.e. build is platform dependent!
2025-03-03 00:06:23,281 [Worker-49: Building] INFO  o.a.m.s.f.DefaultMavenResourcesFiltering - skip non existing resourceDirectory C:\Users\athik\RestAssured-API-workspace\RestAssured.APIAutomation\src\main\resources
2025-03-03 00:06:23,283 [Worker-49: Building] WARN  o.a.m.s.f.DefaultMavenResourcesFiltering - Using platform encoding (UTF-8 actually) to copy filtered resources, i.e. build is platform dependent!
2025-03-03 00:06:23,283 [Worker-49: Building] INFO  o.a.m.s.f.DefaultMavenResourcesFiltering - Copying 0 resource from src\test\resources to target\test-classes
2025-03-03 00:11:07,683 [Worker-46: Launching HTTPRequests] WARN  o.a.m.s.f.DefaultMavenResourcesFiltering - Using platform encoding (UTF-8 actually) to copy filtered resources, i.e. build is platform dependent!
2025-03-03 00:11:07,684 [Worker-46: Launching HTTPRequests] INFO  o.a.m.s.f.DefaultMavenResourcesFiltering - skip non existing resourceDirectory C:\Users\athik\RestAssured-API-workspace\RestAssured.APIAutomation\src\main\resources
2025-03-03 00:11:07,686 [Worker-46: Launching HTTPRequests] WARN  o.a.m.s.f.DefaultMavenResourcesFiltering - Using platform encoding (UTF-8 actually) to copy filtered resources, i.e. build is platform dependent!
2025-03-03 00:11:07,687 [Worker-46: Launching HTTPRequests] INFO  o.a.m.s.f.DefaultMavenResourcesFiltering - Copying 0 resource from src\test\resources to target\test-classes
2025-03-03 00:11:50,436 [Worker-51: Building] WARN  o.a.m.s.f.DefaultMavenResourcesFiltering - Using platform encoding (UTF-8 actually) to copy filtered resources, i.e. build is platform dependent!
2025-03-03 00:11:50,437 [Worker-51: Building] INFO  o.a.m.s.f.DefaultMavenResourcesFiltering - skip non existing resourceDirectory C:\Users\athik\RestAssured-API-workspace\RestAssured.APIAutomation\src\main\resources
2025-03-03 00:11:50,438 [Worker-51: Building] WARN  o.a.m.s.f.DefaultMavenResourcesFiltering - Using platform encoding (UTF-8 actually) to copy filtered resources, i.e. build is platform dependent!
2025-03-03 00:11:50,439 [Worker-51: Building] INFO  o.a.m.s.f.DefaultMavenResourcesFiltering - Copying 0 resource from src\test\resources to target\test-classes
2025-03-03 00:13:16,423 [Worker-48: Building] WARN  o.a.m.s.f.DefaultMavenResourcesFiltering - Using platform encoding (UTF-8 actually) to copy filtered resources, i.e. build is platform dependent!
2025-03-03 00:13:16,423 [Worker-48: Building] INFO  o.a.m.s.f.DefaultMavenResourcesFiltering - skip non existing resourceDirectory C:\Users\athik\RestAssured-API-workspace\RestAssured.APIAutomation\src\main\resources
2025-03-03 00:13:16,425 [Worker-48: Building] WARN  o.a.m.s.f.DefaultMavenResourcesFiltering - Using platform encoding (UTF-8 actually) to copy filtered resources, i.e. build is platform dependent!
2025-03-03 00:13:16,425 [Worker-48: Building] INFO  o.a.m.s.f.DefaultMavenResourcesFiltering - Copying 0 resource from src\test\resources to target\test-classes
2025-03-03 11:08:50,537 [Worker-2: Loading available Gradle versions] INFO  o.e.b.c.i.u.g.PublishedGradleVersions - Gradle version information cache is up-to-date. Trying to read.
2025-03-03 11:10:38,913 [Worker-25: Building] WARN  o.a.m.s.f.DefaultMavenResourcesFiltering - Using platform encoding (UTF-8 actually) to copy filtered resources, i.e. build is platform dependent!
2025-03-03 11:10:38,914 [Worker-25: Building] INFO  o.a.m.s.f.DefaultMavenResourcesFiltering - skip non existing resourceDirectory C:\Users\athik\RestAssured-API-workspace\RestAssured.APIAutomation\src\main\resources
2025-03-03 11:10:38,917 [Worker-25: Building] WARN  o.a.m.s.f.DefaultMavenResourcesFiltering - Using platform encoding (UTF-8 actually) to copy filtered resources, i.e. build is platform dependent!
2025-03-03 11:10:38,920 [Worker-25: Building] INFO  o.a.m.s.f.DefaultMavenResourcesFiltering - Copying 0 resource from src\test\resources to target\test-classes
2025-03-03 11:33:29,742 [Worker-33: Building] WARN  o.a.m.s.f.DefaultMavenResourcesFiltering - Using platform encoding (UTF-8 actually) to copy filtered resources, i.e. build is platform dependent!
2025-03-03 11:33:29,742 [Worker-33: Building] INFO  o.a.m.s.f.DefaultMavenResourcesFiltering - skip non existing resourceDirectory C:\Users\athik\RestAssured-API-workspace\RestAssured.APIAutomation\src\main\resources
2025-03-03 11:33:29,745 [Worker-33: Building] WARN  o.a.m.s.f.DefaultMavenResourcesFiltering - Using platform encoding (UTF-8 actually) to copy filtered resources, i.e. build is platform dependent!
2025-03-03 11:33:29,746 [Worker-33: Building] INFO  o.a.m.s.f.DefaultMavenResourcesFiltering - Copying 0 resource from src\test\resources to target\test-classes
2025-03-03 11:34:35,408 [Worker-32: Building] WARN  o.a.m.s.f.DefaultMavenResourcesFiltering - Using platform encoding (UTF-8 actually) to copy filtered resources, i.e. build is platform dependent!
2025-03-03 11:34:35,409 [Worker-32: Building] INFO  o.a.m.s.f.DefaultMavenResourcesFiltering - skip non existing resourceDirectory C:\Users\athik\RestAssured-API-workspace\RestAssured.APIAutomation\src\main\resources
2025-03-03 11:34:35,410 [Worker-32: Building] WARN  o.a.m.s.f.DefaultMavenResourcesFiltering - Using platform encoding (UTF-8 actually) to copy filtered resources, i.e. build is platform dependent!
2025-03-03 11:34:35,411 [Worker-32: Building] INFO  o.a.m.s.f.DefaultMavenResourcesFiltering - Copying 0 resource from src\test\resources to target\test-classes
2025-03-03 11:43:43,296 [Worker-3: Building] WARN  o.a.m.s.f.DefaultMavenResourcesFiltering - Using platform encoding (UTF-8 actually) to copy filtered resources, i.e. build is platform dependent!
2025-03-03 11:43:43,296 [Worker-3: Building] INFO  o.a.m.s.f.DefaultMavenResourcesFiltering - skip non existing resourceDirectory C:\Users\athik\RestAssured-API-workspace\RestAssured.APIAutomation\src\main\resources
2025-03-03 11:43:43,299 [Worker-3: Building] WARN  o.a.m.s.f.DefaultMavenResourcesFiltering - Using platform encoding (UTF-8 actually) to copy filtered resources, i.e. build is platform dependent!
2025-03-03 11:43:43,300 [Worker-3: Building] INFO  o.a.m.s.f.DefaultMavenResourcesFiltering - Copying 0 resource from src\test\resources to target\test-classes
2025-03-03 12:04:14,831 [Worker-36: Building] WARN  o.a.m.s.f.DefaultMavenResourcesFiltering - Using platform encoding (UTF-8 actually) to copy filtered resources, i.e. build is platform dependent!
2025-03-03 12:04:14,833 [Worker-36: Building] INFO  o.a.m.s.f.DefaultMavenResourcesFiltering - skip non existing resourceDirectory C:\Users\athik\RestAssured-API-workspace\RestAssured.APIAutomation\src\main\resources
2025-03-03 12:04:14,834 [Worker-36: Building] WARN  o.a.m.s.f.DefaultMavenResourcesFiltering - Using platform encoding (UTF-8 actually) to copy filtered resources, i.e. build is platform dependent!
2025-03-03 12:04:14,835 [Worker-36: Building] INFO  o.a.m.s.f.DefaultMavenResourcesFiltering - Copying 0 resource from src\test\resources to target\test-classes
2025-03-03 12:04:56,609 [main] INFO  o.e.m.jdt.internal.UnitTestSupport - Updating DifferentWaysToCreatePostRequestBody from maven configuration
2025-03-03 12:05:41,132 [Worker-41: Building] WARN  o.a.m.s.f.DefaultMavenResourcesFiltering - Using platform encoding (UTF-8 actually) to copy filtered resources, i.e. build is platform dependent!
2025-03-03 12:05:41,133 [Worker-41: Building] INFO  o.a.m.s.f.DefaultMavenResourcesFiltering - skip non existing resourceDirectory C:\Users\athik\RestAssured-API-workspace\RestAssured.APIAutomation\src\main\resources
2025-03-03 12:05:41,134 [Worker-41: Building] WARN  o.a.m.s.f.DefaultMavenResourcesFiltering - Using platform encoding (UTF-8 actually) to copy filtered resources, i.e. build is platform dependent!
2025-03-03 12:05:41,135 [Worker-41: Building] INFO  o.a.m.s.f.DefaultMavenResourcesFiltering - Copying 0 resource from src\test\resources to target\test-classes
2025-03-03 13:31:34,672 [Worker-42: Building] WARN  o.a.m.s.f.DefaultMavenResourcesFiltering - Using platform encoding (UTF-8 actually) to copy filtered resources, i.e. build is platform dependent!
2025-03-03 13:31:34,673 [Worker-42: Building] INFO  o.a.m.s.f.DefaultMavenResourcesFiltering - skip non existing resourceDirectory C:\Users\athik\RestAssured-API-workspace\RestAssured.APIAutomation\src\main\resources
2025-03-03 13:31:34,674 [Worker-42: Building] WARN  o.a.m.s.f.DefaultMavenResourcesFiltering - Using platform encoding (UTF-8 actually) to copy filtered resources, i.e. build is platform dependent!
2025-03-03 13:31:34,675 [Worker-42: Building] INFO  o.a.m.s.f.DefaultMavenResourcesFiltering - Copying 0 resource from src\test\resources to target\test-classes
2025-03-03 13:31:55,764 [Worker-45: Building] WARN  o.a.m.s.f.DefaultMavenResourcesFiltering - Using platform encoding (UTF-8 actually) to copy filtered resources, i.e. build is platform dependent!
2025-03-03 13:31:55,764 [Worker-45: Building] INFO  o.a.m.s.f.DefaultMavenResourcesFiltering - skip non existing resourceDirectory C:\Users\athik\RestAssured-API-workspace\RestAssured.APIAutomation\src\main\resources
2025-03-03 13:31:55,765 [Worker-45: Building] WARN  o.a.m.s.f.DefaultMavenResourcesFiltering - Using platform encoding (UTF-8 actually) to copy filtered resources, i.e. build is platform dependent!
2025-03-03 13:31:55,766 [Worker-45: Building] INFO  o.a.m.s.f.DefaultMavenResourcesFiltering - Copying 0 resource from src\test\resources to target\test-classes
2025-03-03 13:49:50,739 [Worker-49: Building] WARN  o.a.m.s.f.DefaultMavenResourcesFiltering - Using platform encoding (UTF-8 actually) to copy filtered resources, i.e. build is platform dependent!
2025-03-03 13:49:50,739 [Worker-49: Building] INFO  o.a.m.s.f.DefaultMavenResourcesFiltering - skip non existing resourceDirectory C:\Users\athik\RestAssured-API-workspace\RestAssured.APIAutomation\src\main\resources
2025-03-03 13:49:50,741 [Worker-49: Building] WARN  o.a.m.s.f.DefaultMavenResourcesFiltering - Using platform encoding (UTF-8 actually) to copy filtered resources, i.e. build is platform dependent!
2025-03-03 13:49:50,741 [Worker-49: Building] INFO  o.a.m.s.f.DefaultMavenResourcesFiltering - Copying 0 resource from src\test\resources to target\test-classes
2025-03-03 19:54:40,216 [Worker-52: Building] INFO  o.e.m.c.i.l.LifecycleMappingFactory - Using org.eclipse.m2e.jdt.JarLifecycleMapping lifecycle mapping for MavenProject: com.example:restassured-api:1.0-SNAPSHOT @ C:\Users\athik\RestAssured-API-workspace\RestAssured.APIAutomation\pom.xml.
2025-03-03 19:54:40,646 [Worker-52: Building] INFO  o.e.m.c.i.e.AbstractTransferListenerAdapter - Downloading https://repo.maven.apache.org/maven2/org/json/json/20250107/json-20250107.pom
2025-03-03 19:54:40,660 [Worker-52: Building] INFO  o.e.m.c.i.e.AbstractTransferListenerAdapter - Downloaded https://repo.maven.apache.org/maven2/org/json/json/20250107/json-20250107.pom
2025-03-03 19:54:40,820 [Worker-52: Building] INFO  o.e.m.c.i.e.AbstractTransferListenerAdapter - Downloading https://repo.maven.apache.org/maven2/org/json/json/20250107/json-20250107.jar
2025-03-03 19:54:40,938 [Worker-52: Building] INFO  o.e.m.c.i.e.AbstractTransferListenerAdapter - Downloaded https://repo.maven.apache.org/maven2/org/json/json/20250107/json-20250107.jar
2025-03-03 19:54:41,153 [Worker-52: Building] WARN  o.a.m.s.f.DefaultMavenResourcesFiltering - Using platform encoding (UTF-8 actually) to copy filtered resources, i.e. build is platform dependent!
2025-03-03 19:54:41,154 [Worker-52: Building] INFO  o.a.m.s.f.DefaultMavenResourcesFiltering - skip non existing resourceDirectory C:\Users\athik\RestAssured-API-workspace\RestAssured.APIAutomation\src\main\resources
2025-03-03 19:54:41,157 [Worker-52: Building] WARN  o.a.m.s.f.DefaultMavenResourcesFiltering - Using platform encoding (UTF-8 actually) to copy filtered resources, i.e. build is platform dependent!
2025-03-03 19:54:41,159 [Worker-52: Building] INFO  o.a.m.s.f.DefaultMavenResourcesFiltering - Copying 0 resource from src\test\resources to target\test-classes
2025-03-03 19:54:42,264 [Worker-55: Download sources and javadoc] INFO  o.e.m.c.i.e.AbstractTransferListenerAdapter - Downloading https://repo.maven.apache.org/maven2/org/json/json/20250107/json-20250107-sources.jar
2025-03-03 19:54:42,425 [Worker-55: Download sources and javadoc] INFO  o.e.m.c.i.e.AbstractTransferListenerAdapter - Downloaded https://repo.maven.apache.org/maven2/org/json/json/20250107/json-20250107-sources.jar
2025-03-03 19:54:42,427 [Worker-55: Download sources and javadoc] INFO  o.e.m.j.internal.DownloadSourcesJob - Downloaded sources for org.json:json:20250107
2025-03-03 19:54:53,096 [Worker-42: Building] WARN  o.a.m.s.f.DefaultMavenResourcesFiltering - Using platform encoding (UTF-8 actually) to copy filtered resources, i.e. build is platform dependent!
2025-03-03 19:54:53,097 [Worker-42: Building] INFO  o.a.m.s.f.DefaultMavenResourcesFiltering - skip non existing resourceDirectory C:\Users\athik\RestAssured-API-workspace\RestAssured.APIAutomation\src\main\resources
2025-03-03 19:54:53,098 [Worker-42: Building] WARN  o.a.m.s.f.DefaultMavenResourcesFiltering - Using platform encoding (UTF-8 actually) to copy filtered resources, i.e. build is platform dependent!
2025-03-03 19:54:53,099 [Worker-42: Building] INFO  o.a.m.s.f.DefaultMavenResourcesFiltering - Copying 0 resource from src\test\resources to target\test-classes
2025-03-03 19:55:21,394 [Worker-54: Launching DifferentWaysToCreatePostRequestBody] WARN  o.a.m.s.f.DefaultMavenResourcesFiltering - Using platform encoding (UTF-8 actually) to copy filtered resources, i.e. build is platform dependent!
2025-03-03 19:55:21,394 [Worker-54: Launching DifferentWaysToCreatePostRequestBody] INFO  o.a.m.s.f.DefaultMavenResourcesFiltering - skip non existing resourceDirectory C:\Users\athik\RestAssured-API-workspace\RestAssured.APIAutomation\src\main\resources
2025-03-03 19:55:21,396 [Worker-54: Launching DifferentWaysToCreatePostRequestBody] WARN  o.a.m.s.f.DefaultMavenResourcesFiltering - Using platform encoding (UTF-8 actually) to copy filtered resources, i.e. build is platform dependent!
2025-03-03 19:55:21,397 [Worker-54: Launching DifferentWaysToCreatePostRequestBody] INFO  o.a.m.s.f.DefaultMavenResourcesFiltering - Copying 0 resource from src\test\resources to target\test-classes
2025-03-03 19:57:03,220 [Worker-54: Launching DifferentWaysToCreatePostRequestBody] WARN  o.a.m.s.f.DefaultMavenResourcesFiltering - Using platform encoding (UTF-8 actually) to copy filtered resources, i.e. build is platform dependent!
2025-03-03 19:57:03,220 [Worker-54: Launching DifferentWaysToCreatePostRequestBody] INFO  o.a.m.s.f.DefaultMavenResourcesFiltering - skip non existing resourceDirectory C:\Users\athik\RestAssured-API-workspace\RestAssured.APIAutomation\src\main\resources
2025-03-03 19:57:03,222 [Worker-54: Launching DifferentWaysToCreatePostRequestBody] WARN  o.a.m.s.f.DefaultMavenResourcesFiltering - Using platform encoding (UTF-8 actually) to copy filtered resources, i.e. build is platform dependent!
2025-03-03 19:57:03,224 [Worker-54: Launching DifferentWaysToCreatePostRequestBody] INFO  o.a.m.s.f.DefaultMavenResourcesFiltering - Copying 0 resource from src\test\resources to target\test-classes
2025-03-03 19:59:13,432 [Worker-55: Launching DifferentWaysToCreatePostRequestBody] WARN  o.a.m.s.f.DefaultMavenResourcesFiltering - Using platform encoding (UTF-8 actually) to copy filtered resources, i.e. build is platform dependent!
2025-03-03 19:59:13,433 [Worker-55: Launching DifferentWaysToCreatePostRequestBody] INFO  o.a.m.s.f.DefaultMavenResourcesFiltering - skip non existing resourceDirectory C:\Users\athik\RestAssured-API-workspace\RestAssured.APIAutomation\src\main\resources
2025-03-03 19:59:13,435 [Worker-55: Launching DifferentWaysToCreatePostRequestBody] WARN  o.a.m.s.f.DefaultMavenResourcesFiltering - Using platform encoding (UTF-8 actually) to copy filtered resources, i.e. build is platform dependent!
2025-03-03 19:59:13,435 [Worker-55: Launching DifferentWaysToCreatePostRequestBody] INFO  o.a.m.s.f.DefaultMavenResourcesFiltering - Copying 0 resource from src\test\resources to target\test-classes
2025-03-03 20:12:43,169 [Worker-62: Launching DifferentWaysToCreatePostRequestBody] WARN  o.a.m.s.f.DefaultMavenResourcesFiltering - Using platform encoding (UTF-8 actually) to copy filtered resources, i.e. build is platform dependent!
2025-03-03 20:12:43,170 [Worker-62: Launching DifferentWaysToCreatePostRequestBody] INFO  o.a.m.s.f.DefaultMavenResourcesFiltering - skip non existing resourceDirectory C:\Users\athik\RestAssured-API-workspace\RestAssured.APIAutomation\src\main\resources
2025-03-03 20:12:43,172 [Worker-62: Launching DifferentWaysToCreatePostRequestBody] WARN  o.a.m.s.f.DefaultMavenResourcesFiltering - Using platform encoding (UTF-8 actually) to copy filtered resources, i.e. build is platform dependent!
2025-03-03 20:12:43,172 [Worker-62: Launching DifferentWaysToCreatePostRequestBody] INFO  o.a.m.s.f.DefaultMavenResourcesFiltering - Copying 0 resource from src\test\resources to target\test-classes
2025-03-03 20:13:57,310 [Worker-53: Launching DifferentWaysToCreatePostRequestBody] WARN  o.a.m.s.f.DefaultMavenResourcesFiltering - Using platform encoding (UTF-8 actually) to copy filtered resources, i.e. build is platform dependent!
2025-03-03 20:13:57,310 [Worker-53: Launching DifferentWaysToCreatePostRequestBody] INFO  o.a.m.s.f.DefaultMavenResourcesFiltering - skip non existing resourceDirectory C:\Users\athik\RestAssured-API-workspace\RestAssured.APIAutomation\src\main\resources
2025-03-03 20:13:57,313 [Worker-53: Launching DifferentWaysToCreatePostRequestBody] WARN  o.a.m.s.f.DefaultMavenResourcesFiltering - Using platform encoding (UTF-8 actually) to copy filtered resources, i.e. build is platform dependent!
2025-03-03 20:13:57,314 [Worker-53: Launching DifferentWaysToCreatePostRequestBody] INFO  o.a.m.s.f.DefaultMavenResourcesFiltering - Copying 0 resource from src\test\resources to target\test-classes
2025-03-03 20:17:43,214 [Worker-60: Launching DifferentWaysToCreatePostRequestBody] WARN  o.a.m.s.f.DefaultMavenResourcesFiltering - Using platform encoding (UTF-8 actually) to copy filtered resources, i.e. build is platform dependent!
2025-03-03 20:17:43,216 [Worker-60: Launching DifferentWaysToCreatePostRequestBody] INFO  o.a.m.s.f.DefaultMavenResourcesFiltering - skip non existing resourceDirectory C:\Users\athik\RestAssured-API-workspace\RestAssured.APIAutomation\src\main\resources
2025-03-03 20:17:43,218 [Worker-60: Launching DifferentWaysToCreatePostRequestBody] WARN  o.a.m.s.f.DefaultMavenResourcesFiltering - Using platform encoding (UTF-8 actually) to copy filtered resources, i.e. build is platform dependent!
2025-03-03 20:17:43,218 [Worker-60: Launching DifferentWaysToCreatePostRequestBody] INFO  o.a.m.s.f.DefaultMavenResourcesFiltering - Copying 0 resource from src\test\resources to target\test-classes
2025-03-03 20:18:28,854 [Worker-63: Launching DifferentWaysToCreatePostRequestBody] WARN  o.a.m.s.f.DefaultMavenResourcesFiltering - Using platform encoding (UTF-8 actually) to copy filtered resources, i.e. build is platform dependent!
2025-03-03 20:18:28,855 [Worker-63: Launching DifferentWaysToCreatePostRequestBody] INFO  o.a.m.s.f.DefaultMavenResourcesFiltering - skip non existing resourceDirectory C:\Users\athik\RestAssured-API-workspace\RestAssured.APIAutomation\src\main\resources
2025-03-03 20:18:28,856 [Worker-63: Launching DifferentWaysToCreatePostRequestBody] WARN  o.a.m.s.f.DefaultMavenResourcesFiltering - Using platform encoding (UTF-8 actually) to copy filtered resources, i.e. build is platform dependent!
2025-03-03 20:18:28,857 [Worker-63: Launching DifferentWaysToCreatePostRequestBody] INFO  o.a.m.s.f.DefaultMavenResourcesFiltering - Copying 0 resource from src\test\resources to target\test-classes
2025-03-03 20:18:39,919 [Worker-66: Launching DifferentWaysToCreatePostRequestBody] WARN  o.a.m.s.f.DefaultMavenResourcesFiltering - Using platform encoding (UTF-8 actually) to copy filtered resources, i.e. build is platform dependent!
2025-03-03 20:18:39,920 [Worker-66: Launching DifferentWaysToCreatePostRequestBody] INFO  o.a.m.s.f.DefaultMavenResourcesFiltering - skip non existing resourceDirectory C:\Users\athik\RestAssured-API-workspace\RestAssured.APIAutomation\src\main\resources
2025-03-03 20:18:39,922 [Worker-66: Launching DifferentWaysToCreatePostRequestBody] WARN  o.a.m.s.f.DefaultMavenResourcesFiltering - Using platform encoding (UTF-8 actually) to copy filtered resources, i.e. build is platform dependent!
2025-03-03 20:18:39,923 [Worker-66: Launching DifferentWaysToCreatePostRequestBody] INFO  o.a.m.s.f.DefaultMavenResourcesFiltering - Copying 0 resource from src\test\resources to target\test-classes
2025-03-03 20:18:59,703 [Worker-67: Launching DifferentWaysToCreatePostRequestBody] WARN  o.a.m.s.f.DefaultMavenResourcesFiltering - Using platform encoding (UTF-8 actually) to copy filtered resources, i.e. build is platform dependent!
2025-03-03 20:18:59,705 [Worker-67: Launching DifferentWaysToCreatePostRequestBody] INFO  o.a.m.s.f.DefaultMavenResourcesFiltering - skip non existing resourceDirectory C:\Users\athik\RestAssured-API-workspace\RestAssured.APIAutomation\src\main\resources
2025-03-03 20:18:59,706 [Worker-67: Launching DifferentWaysToCreatePostRequestBody] WARN  o.a.m.s.f.DefaultMavenResourcesFiltering - Using platform encoding (UTF-8 actually) to copy filtered resources, i.e. build is platform dependent!
2025-03-03 20:18:59,707 [Worker-67: Launching DifferentWaysToCreatePostRequestBody] INFO  o.a.m.s.f.DefaultMavenResourcesFiltering - Copying 0 resource from src\test\resources to target\test-classes
2025-03-03 20:36:32,524 [Worker-53: Launching DifferentWaysToCreatePostRequestBody] WARN  o.a.m.s.f.DefaultMavenResourcesFiltering - Using platform encoding (UTF-8 actually) to copy filtered resources, i.e. build is platform dependent!
2025-03-03 20:36:32,525 [Worker-53: Launching DifferentWaysToCreatePostRequestBody] INFO  o.a.m.s.f.DefaultMavenResourcesFiltering - skip non existing resourceDirectory C:\Users\athik\RestAssured-API-workspace\RestAssured.APIAutomation\src\main\resources
2025-03-03 20:36:32,527 [Worker-53: Launching DifferentWaysToCreatePostRequestBody] WARN  o.a.m.s.f.DefaultMavenResourcesFiltering - Using platform encoding (UTF-8 actually) to copy filtered resources, i.e. build is platform dependent!
2025-03-03 20:36:32,528 [Worker-53: Launching DifferentWaysToCreatePostRequestBody] INFO  o.a.m.s.f.DefaultMavenResourcesFiltering - Copying 0 resource from src\test\resources to target\test-classes
2025-03-03 20:36:53,868 [Worker-55: Launching DifferentWaysToCreatePostRequestBody] WARN  o.a.m.s.f.DefaultMavenResourcesFiltering - Using platform encoding (UTF-8 actually) to copy filtered resources, i.e. build is platform dependent!
2025-03-03 20:36:53,868 [Worker-55: Launching DifferentWaysToCreatePostRequestBody] INFO  o.a.m.s.f.DefaultMavenResourcesFiltering - skip non existing resourceDirectory C:\Users\athik\RestAssured-API-workspace\RestAssured.APIAutomation\src\main\resources
2025-03-03 20:36:53,870 [Worker-55: Launching DifferentWaysToCreatePostRequestBody] WARN  o.a.m.s.f.DefaultMavenResourcesFiltering - Using platform encoding (UTF-8 actually) to copy filtered resources, i.e. build is platform dependent!
2025-03-03 20:36:53,871 [Worker-55: Launching DifferentWaysToCreatePostRequestBody] INFO  o.a.m.s.f.DefaultMavenResourcesFiltering - Copying 0 resource from src\test\resources to target\test-classes
2025-03-03 20:37:31,087 [Worker-70: Launching DifferentWaysToCreatePostRequestBody] WARN  o.a.m.s.f.DefaultMavenResourcesFiltering - Using platform encoding (UTF-8 actually) to copy filtered resources, i.e. build is platform dependent!
2025-03-03 20:37:31,087 [Worker-70: Launching DifferentWaysToCreatePostRequestBody] INFO  o.a.m.s.f.DefaultMavenResourcesFiltering - skip non existing resourceDirectory C:\Users\athik\RestAssured-API-workspace\RestAssured.APIAutomation\src\main\resources
2025-03-03 20:37:31,088 [Worker-70: Launching DifferentWaysToCreatePostRequestBody] WARN  o.a.m.s.f.DefaultMavenResourcesFiltering - Using platform encoding (UTF-8 actually) to copy filtered resources, i.e. build is platform dependent!
2025-03-03 20:37:31,089 [Worker-70: Launching DifferentWaysToCreatePostRequestBody] INFO  o.a.m.s.f.DefaultMavenResourcesFiltering - Copying 0 resource from src\test\resources to target\test-classes
2025-03-03 20:51:42,145 [main] INFO  o.e.m.jdt.internal.UnitTestSupport - Updating PathAndQueryParameters from maven configuration
2025-03-03 20:51:46,116 [Worker-70: Launching PathAndQueryParameters] WARN  o.a.m.s.f.DefaultMavenResourcesFiltering - Using platform encoding (UTF-8 actually) to copy filtered resources, i.e. build is platform dependent!
2025-03-03 20:51:46,117 [Worker-70: Launching PathAndQueryParameters] INFO  o.a.m.s.f.DefaultMavenResourcesFiltering - skip non existing resourceDirectory C:\Users\athik\RestAssured-API-workspace\RestAssured.APIAutomation\src\main\resources
2025-03-03 20:51:46,118 [Worker-70: Launching PathAndQueryParameters] WARN  o.a.m.s.f.DefaultMavenResourcesFiltering - Using platform encoding (UTF-8 actually) to copy filtered resources, i.e. build is platform dependent!
2025-03-03 20:51:46,119 [Worker-70: Launching PathAndQueryParameters] INFO  o.a.m.s.f.DefaultMavenResourcesFiltering - Copying 0 resource from src\test\resources to target\test-classes
2025-03-03 22:29:47,304 [main] INFO  o.e.m.jdt.internal.UnitTestSupport - Updating CookiesDemo from maven configuration
2025-03-03 22:29:47,382 [Worker-77: Launching CookiesDemo] WARN  o.a.m.s.f.DefaultMavenResourcesFiltering - Using platform encoding (UTF-8 actually) to copy filtered resources, i.e. build is platform dependent!
2025-03-03 22:29:47,383 [Worker-77: Launching CookiesDemo] INFO  o.a.m.s.f.DefaultMavenResourcesFiltering - skip non existing resourceDirectory C:\Users\athik\RestAssured-API-workspace\RestAssured.APIAutomation\src\main\resources
2025-03-03 22:29:47,384 [Worker-77: Launching CookiesDemo] WARN  o.a.m.s.f.DefaultMavenResourcesFiltering - Using platform encoding (UTF-8 actually) to copy filtered resources, i.e. build is platform dependent!
2025-03-03 22:29:47,385 [Worker-77: Launching CookiesDemo] INFO  o.a.m.s.f.DefaultMavenResourcesFiltering - Copying 0 resource from src\test\resources to target\test-classes
2025-03-03 22:32:37,015 [Worker-78: Launching CookiesDemo] WARN  o.a.m.s.f.DefaultMavenResourcesFiltering - Using platform encoding (UTF-8 actually) to copy filtered resources, i.e. build is platform dependent!
2025-03-03 22:32:37,016 [Worker-78: Launching CookiesDemo] INFO  o.a.m.s.f.DefaultMavenResourcesFiltering - skip non existing resourceDirectory C:\Users\athik\RestAssured-API-workspace\RestAssured.APIAutomation\src\main\resources
2025-03-03 22:32:37,017 [Worker-78: Launching CookiesDemo] WARN  o.a.m.s.f.DefaultMavenResourcesFiltering - Using platform encoding (UTF-8 actually) to copy filtered resources, i.e. build is platform dependent!
2025-03-03 22:32:37,018 [Worker-78: Launching CookiesDemo] INFO  o.a.m.s.f.DefaultMavenResourcesFiltering - Copying 0 resource from src\test\resources to target\test-classes
2025-03-03 22:40:15,204 [Worker-77: Launching CookiesDemo] WARN  o.a.m.s.f.DefaultMavenResourcesFiltering - Using platform encoding (UTF-8 actually) to copy filtered resources, i.e. build is platform dependent!
2025-03-03 22:40:15,205 [Worker-77: Launching CookiesDemo] INFO  o.a.m.s.f.DefaultMavenResourcesFiltering - skip non existing resourceDirectory C:\Users\athik\RestAssured-API-workspace\RestAssured.APIAutomation\src\main\resources
2025-03-03 22:40:15,206 [Worker-77: Launching CookiesDemo] WARN  o.a.m.s.f.DefaultMavenResourcesFiltering - Using platform encoding (UTF-8 actually) to copy filtered resources, i.e. build is platform dependent!
2025-03-03 22:40:15,206 [Worker-77: Launching CookiesDemo] INFO  o.a.m.s.f.DefaultMavenResourcesFiltering - Copying 0 resource from src\test\resources to target\test-classes
2025-03-03 22:40:56,708 [Worker-78: Launching CookiesDemo] WARN  o.a.m.s.f.DefaultMavenResourcesFiltering - Using platform encoding (UTF-8 actually) to copy filtered resources, i.e. build is platform dependent!
2025-03-03 22:40:56,708 [Worker-78: Launching CookiesDemo] INFO  o.a.m.s.f.DefaultMavenResourcesFiltering - skip non existing resourceDirectory C:\Users\athik\RestAssured-API-workspace\RestAssured.APIAutomation\src\main\resources
2025-03-03 22:40:56,709 [Worker-78: Launching CookiesDemo] WARN  o.a.m.s.f.DefaultMavenResourcesFiltering - Using platform encoding (UTF-8 actually) to copy filtered resources, i.e. build is platform dependent!
2025-03-03 22:40:56,710 [Worker-78: Launching CookiesDemo] INFO  o.a.m.s.f.DefaultMavenResourcesFiltering - Copying 0 resource from src\test\resources to target\test-classes
2025-03-04 02:59:56,170 [main] INFO  o.e.m.jdt.internal.UnitTestSupport - Updating HeadersDemo from maven configuration
2025-03-04 02:59:57,725 [Worker-84: Launching HeadersDemo] WARN  o.a.m.s.f.DefaultMavenResourcesFiltering - Using platform encoding (UTF-8 actually) to copy filtered resources, i.e. build is platform dependent!
2025-03-04 02:59:57,727 [Worker-84: Launching HeadersDemo] INFO  o.a.m.s.f.DefaultMavenResourcesFiltering - skip non existing resourceDirectory C:\Users\athik\RestAssured-API-workspace\RestAssured.APIAutomation\src\main\resources
2025-03-04 02:59:57,729 [Worker-84: Launching HeadersDemo] WARN  o.a.m.s.f.DefaultMavenResourcesFiltering - Using platform encoding (UTF-8 actually) to copy filtered resources, i.e. build is platform dependent!
2025-03-04 02:59:57,731 [Worker-84: Launching HeadersDemo] INFO  o.a.m.s.f.DefaultMavenResourcesFiltering - Copying 0 resource from src\test\resources to target\test-classes
2025-03-04 03:03:03,898 [Worker-86: Launching HeadersDemo] WARN  o.a.m.s.f.DefaultMavenResourcesFiltering - Using platform encoding (UTF-8 actually) to copy filtered resources, i.e. build is platform dependent!
2025-03-04 03:03:03,898 [Worker-86: Launching HeadersDemo] INFO  o.a.m.s.f.DefaultMavenResourcesFiltering - skip non existing resourceDirectory C:\Users\athik\RestAssured-API-workspace\RestAssured.APIAutomation\src\main\resources
2025-03-04 03:03:03,900 [Worker-86: Launching HeadersDemo] WARN  o.a.m.s.f.DefaultMavenResourcesFiltering - Using platform encoding (UTF-8 actually) to copy filtered resources, i.e. build is platform dependent!
2025-03-04 03:03:03,901 [Worker-86: Launching HeadersDemo] INFO  o.a.m.s.f.DefaultMavenResourcesFiltering - Copying 0 resource from src\test\resources to target\test-classes
2025-03-04 03:10:53,622 [Worker-6: Loading available Gradle versions] INFO  o.e.b.c.i.u.g.PublishedGradleVersions - Gradle version information cache is out-of-date. Trying to update.
2025-03-04 03:18:09,419 [Worker-5: Launching HeadersDemo] WARN  o.a.m.s.f.DefaultMavenResourcesFiltering - Using platform encoding (UTF-8 actually) to copy filtered resources, i.e. build is platform dependent!
2025-03-04 03:18:09,420 [Worker-5: Launching HeadersDemo] INFO  o.a.m.s.f.DefaultMavenResourcesFiltering - skip non existing resourceDirectory C:\Users\athik\RestAssured-API-workspace\RestAssured.APIAutomation\src\main\resources
2025-03-04 03:18:09,423 [Worker-5: Launching HeadersDemo] WARN  o.a.m.s.f.DefaultMavenResourcesFiltering - Using platform encoding (UTF-8 actually) to copy filtered resources, i.e. build is platform dependent!
2025-03-04 03:18:09,427 [Worker-5: Launching HeadersDemo] INFO  o.a.m.s.f.DefaultMavenResourcesFiltering - Copying 0 resource from src\test\resources to target\test-classes
2025-03-04 03:18:33,404 [Worker-12: Launching HeadersDemo] WARN  o.a.m.s.f.DefaultMavenResourcesFiltering - Using platform encoding (UTF-8 actually) to copy filtered resources, i.e. build is platform dependent!
2025-03-04 03:18:33,404 [Worker-12: Launching HeadersDemo] INFO  o.a.m.s.f.DefaultMavenResourcesFiltering - skip non existing resourceDirectory C:\Users\athik\RestAssured-API-workspace\RestAssured.APIAutomation\src\main\resources
2025-03-04 03:18:33,406 [Worker-12: Launching HeadersDemo] WARN  o.a.m.s.f.DefaultMavenResourcesFiltering - Using platform encoding (UTF-8 actually) to copy filtered resources, i.e. build is platform dependent!
2025-03-04 03:18:33,409 [Worker-12: Launching HeadersDemo] INFO  o.a.m.s.f.DefaultMavenResourcesFiltering - Copying 0 resource from src\test\resources to target\test-classes
2025-03-04 03:41:31,274 [main] INFO  o.e.m.jdt.internal.UnitTestSupport - Updating ParsingJSONResponse from maven configuration
2025-03-04 03:41:31,781 [Worker-37: Launching ParsingJSONResponse] WARN  o.a.m.s.f.DefaultMavenResourcesFiltering - Using platform encoding (UTF-8 actually) to copy filtered resources, i.e. build is platform dependent!
2025-03-04 03:41:31,781 [Worker-37: Launching ParsingJSONResponse] INFO  o.a.m.s.f.DefaultMavenResourcesFiltering - skip non existing resourceDirectory C:\Users\athik\RestAssured-API-workspace\RestAssured.APIAutomation\src\main\resources
2025-03-04 03:41:31,783 [Worker-37: Launching ParsingJSONResponse] WARN  o.a.m.s.f.DefaultMavenResourcesFiltering - Using platform encoding (UTF-8 actually) to copy filtered resources, i.e. build is platform dependent!
2025-03-04 03:41:31,783 [Worker-37: Launching ParsingJSONResponse] INFO  o.a.m.s.f.DefaultMavenResourcesFiltering - Copying 0 resource from src\test\resources to target\test-classes
2025-03-04 03:42:27,659 [Worker-40: Launching ParsingJSONResponse] WARN  o.a.m.s.f.DefaultMavenResourcesFiltering - Using platform encoding (UTF-8 actually) to copy filtered resources, i.e. build is platform dependent!
2025-03-04 03:42:27,660 [Worker-40: Launching ParsingJSONResponse] INFO  o.a.m.s.f.DefaultMavenResourcesFiltering - skip non existing resourceDirectory C:\Users\athik\RestAssured-API-workspace\RestAssured.APIAutomation\src\main\resources
2025-03-04 03:42:27,661 [Worker-40: Launching ParsingJSONResponse] WARN  o.a.m.s.f.DefaultMavenResourcesFiltering - Using platform encoding (UTF-8 actually) to copy filtered resources, i.e. build is platform dependent!
2025-03-04 03:42:27,662 [Worker-40: Launching ParsingJSONResponse] INFO  o.a.m.s.f.DefaultMavenResourcesFiltering - Copying 0 resource from src\test\resources to target\test-classes
2025-03-04 03:44:29,051 [Worker-37: Launching ParsingJSONResponse] WARN  o.a.m.s.f.DefaultMavenResourcesFiltering - Using platform encoding (UTF-8 actually) to copy filtered resources, i.e. build is platform dependent!
2025-03-04 03:44:29,051 [Worker-37: Launching ParsingJSONResponse] INFO  o.a.m.s.f.DefaultMavenResourcesFiltering - skip non existing resourceDirectory C:\Users\athik\RestAssured-API-workspace\RestAssured.APIAutomation\src\main\resources
2025-03-04 03:44:29,052 [Worker-37: Launching ParsingJSONResponse] WARN  o.a.m.s.f.DefaultMavenResourcesFiltering - Using platform encoding (UTF-8 actually) to copy filtered resources, i.e. build is platform dependent!
2025-03-04 03:44:29,054 [Worker-37: Launching ParsingJSONResponse] INFO  o.a.m.s.f.DefaultMavenResourcesFiltering - Copying 0 resource from src\test\resources to target\test-classes
2025-03-04 03:45:11,509 [Worker-15: Launching ParsingJSONResponse] WARN  o.a.m.s.f.DefaultMavenResourcesFiltering - Using platform encoding (UTF-8 actually) to copy filtered resources, i.e. build is platform dependent!
2025-03-04 03:45:11,510 [Worker-15: Launching ParsingJSONResponse] INFO  o.a.m.s.f.DefaultMavenResourcesFiltering - skip non existing resourceDirectory C:\Users\athik\RestAssured-API-workspace\RestAssured.APIAutomation\src\main\resources
2025-03-04 03:45:11,511 [Worker-15: Launching ParsingJSONResponse] WARN  o.a.m.s.f.DefaultMavenResourcesFiltering - Using platform encoding (UTF-8 actually) to copy filtered resources, i.e. build is platform dependent!
2025-03-04 03:45:11,512 [Worker-15: Launching ParsingJSONResponse] INFO  o.a.m.s.f.DefaultMavenResourcesFiltering - Copying 0 resource from src\test\resources to target\test-classes
2025-03-04 03:46:20,325 [Worker-15: Launching ParsingJSONResponse] WARN  o.a.m.s.f.DefaultMavenResourcesFiltering - Using platform encoding (UTF-8 actually) to copy filtered resources, i.e. build is platform dependent!
2025-03-04 03:46:20,326 [Worker-15: Launching ParsingJSONResponse] INFO  o.a.m.s.f.DefaultMavenResourcesFiltering - skip non existing resourceDirectory C:\Users\athik\RestAssured-API-workspace\RestAssured.APIAutomation\src\main\resources
2025-03-04 03:46:20,327 [Worker-15: Launching ParsingJSONResponse] WARN  o.a.m.s.f.DefaultMavenResourcesFiltering - Using platform encoding (UTF-8 actually) to copy filtered resources, i.e. build is platform dependent!
2025-03-04 03:46:20,329 [Worker-15: Launching ParsingJSONResponse] INFO  o.a.m.s.f.DefaultMavenResourcesFiltering - Copying 0 resource from src\test\resources to target\test-classes
2025-03-04 03:47:47,492 [Worker-5: Launching ParsingJSONResponse] WARN  o.a.m.s.f.DefaultMavenResourcesFiltering - Using platform encoding (UTF-8 actually) to copy filtered resources, i.e. build is platform dependent!
2025-03-04 03:47:47,492 [Worker-5: Launching ParsingJSONResponse] INFO  o.a.m.s.f.DefaultMavenResourcesFiltering - skip non existing resourceDirectory C:\Users\athik\RestAssured-API-workspace\RestAssured.APIAutomation\src\main\resources
2025-03-04 03:47:47,494 [Worker-5: Launching ParsingJSONResponse] WARN  o.a.m.s.f.DefaultMavenResourcesFiltering - Using platform encoding (UTF-8 actually) to copy filtered resources, i.e. build is platform dependent!
2025-03-04 03:47:47,495 [Worker-5: Launching ParsingJSONResponse] INFO  o.a.m.s.f.DefaultMavenResourcesFiltering - Copying 0 resource from src\test\resources to target\test-classes
2025-03-04 04:02:08,835 [Worker-41: Launching ParsingJSONResponse] WARN  o.a.m.s.f.DefaultMavenResourcesFiltering - Using platform encoding (UTF-8 actually) to copy filtered resources, i.e. build is platform dependent!
2025-03-04 04:02:08,836 [Worker-41: Launching ParsingJSONResponse] INFO  o.a.m.s.f.DefaultMavenResourcesFiltering - skip non existing resourceDirectory C:\Users\athik\RestAssured-API-workspace\RestAssured.APIAutomation\src\main\resources
2025-03-04 04:02:08,837 [Worker-41: Launching ParsingJSONResponse] WARN  o.a.m.s.f.DefaultMavenResourcesFiltering - Using platform encoding (UTF-8 actually) to copy filtered resources, i.e. build is platform dependent!
2025-03-04 04:02:08,838 [Worker-41: Launching ParsingJSONResponse] INFO  o.a.m.s.f.DefaultMavenResourcesFiltering - Copying 0 resource from src\test\resources to target\test-classes
2025-03-04 04:02:47,818 [Worker-37: Launching ParsingJSONResponse] WARN  o.a.m.s.f.DefaultMavenResourcesFiltering - Using platform encoding (UTF-8 actually) to copy filtered resources, i.e. build is platform dependent!
2025-03-04 04:02:47,819 [Worker-37: Launching ParsingJSONResponse] INFO  o.a.m.s.f.DefaultMavenResourcesFiltering - skip non existing resourceDirectory C:\Users\athik\RestAssured-API-workspace\RestAssured.APIAutomation\src\main\resources
2025-03-04 04:02:47,820 [Worker-37: Launching ParsingJSONResponse] WARN  o.a.m.s.f.DefaultMavenResourcesFiltering - Using platform encoding (UTF-8 actually) to copy filtered resources, i.e. build is platform dependent!
2025-03-04 04:02:47,821 [Worker-37: Launching ParsingJSONResponse] INFO  o.a.m.s.f.DefaultMavenResourcesFiltering - Copying 0 resource from src\test\resources to target\test-classes
2025-03-04 04:03:06,123 [Worker-41: Launching ParsingJSONResponse] WARN  o.a.m.s.f.DefaultMavenResourcesFiltering - Using platform encoding (UTF-8 actually) to copy filtered resources, i.e. build is platform dependent!
2025-03-04 04:03:06,124 [Worker-41: Launching ParsingJSONResponse] INFO  o.a.m.s.f.DefaultMavenResourcesFiltering - skip non existing resourceDirectory C:\Users\athik\RestAssured-API-workspace\RestAssured.APIAutomation\src\main\resources
2025-03-04 04:03:06,125 [Worker-41: Launching ParsingJSONResponse] WARN  o.a.m.s.f.DefaultMavenResourcesFiltering - Using platform encoding (UTF-8 actually) to copy filtered resources, i.e. build is platform dependent!
2025-03-04 04:03:06,126 [Worker-41: Launching ParsingJSONResponse] INFO  o.a.m.s.f.DefaultMavenResourcesFiltering - Copying 0 resource from src\test\resources to target\test-classes
2025-03-04 04:09:46,353 [Worker-44: Launching ParsingJSONResponse] WARN  o.a.m.s.f.DefaultMavenResourcesFiltering - Using platform encoding (UTF-8 actually) to copy filtered resources, i.e. build is platform dependent!
2025-03-04 04:09:46,354 [Worker-44: Launching ParsingJSONResponse] INFO  o.a.m.s.f.DefaultMavenResourcesFiltering - skip non existing resourceDirectory C:\Users\athik\RestAssured-API-workspace\RestAssured.APIAutomation\src\main\resources
2025-03-04 04:09:46,355 [Worker-44: Launching ParsingJSONResponse] WARN  o.a.m.s.f.DefaultMavenResourcesFiltering - Using platform encoding (UTF-8 actually) to copy filtered resources, i.e. build is platform dependent!
2025-03-04 04:09:46,356 [Worker-44: Launching ParsingJSONResponse] INFO  o.a.m.s.f.DefaultMavenResourcesFiltering - Copying 0 resource from src\test\resources to target\test-classes
2025-03-04 04:13:34,990 [Worker-39: Launching ParsingJSONResponse] WARN  o.a.m.s.f.DefaultMavenResourcesFiltering - Using platform encoding (UTF-8 actually) to copy filtered resources, i.e. build is platform dependent!
2025-03-04 04:13:34,990 [Worker-39: Launching ParsingJSONResponse] INFO  o.a.m.s.f.DefaultMavenResourcesFiltering - skip non existing resourceDirectory C:\Users\athik\RestAssured-API-workspace\RestAssured.APIAutomation\src\main\resources
2025-03-04 04:13:34,991 [Worker-39: Launching ParsingJSONResponse] WARN  o.a.m.s.f.DefaultMavenResourcesFiltering - Using platform encoding (UTF-8 actually) to copy filtered resources, i.e. build is platform dependent!
2025-03-04 04:13:34,992 [Worker-39: Launching ParsingJSONResponse] INFO  o.a.m.s.f.DefaultMavenResourcesFiltering - Copying 0 resource from src\test\resources to target\test-classes
2025-03-04 04:14:17,130 [Worker-47: Launching ParsingJSONResponse] WARN  o.a.m.s.f.DefaultMavenResourcesFiltering - Using platform encoding (UTF-8 actually) to copy filtered resources, i.e. build is platform dependent!
2025-03-04 04:14:17,131 [Worker-47: Launching ParsingJSONResponse] INFO  o.a.m.s.f.DefaultMavenResourcesFiltering - skip non existing resourceDirectory C:\Users\athik\RestAssured-API-workspace\RestAssured.APIAutomation\src\main\resources
2025-03-04 04:14:17,132 [Worker-47: Launching ParsingJSONResponse] WARN  o.a.m.s.f.DefaultMavenResourcesFiltering - Using platform encoding (UTF-8 actually) to copy filtered resources, i.e. build is platform dependent!
2025-03-04 04:14:17,133 [Worker-47: Launching ParsingJSONResponse] INFO  o.a.m.s.f.DefaultMavenResourcesFiltering - Copying 0 resource from src\test\resources to target\test-classes
2025-03-04 04:26:04,867 [Worker-51: Launching ParsingJSONResponse] WARN  o.a.m.s.f.DefaultMavenResourcesFiltering - Using platform encoding (UTF-8 actually) to copy filtered resources, i.e. build is platform dependent!
2025-03-04 04:26:04,868 [Worker-51: Launching ParsingJSONResponse] INFO  o.a.m.s.f.DefaultMavenResourcesFiltering - skip non existing resourceDirectory C:\Users\athik\RestAssured-API-workspace\RestAssured.APIAutomation\src\main\resources
2025-03-04 04:26:04,869 [Worker-51: Launching ParsingJSONResponse] WARN  o.a.m.s.f.DefaultMavenResourcesFiltering - Using platform encoding (UTF-8 actually) to copy filtered resources, i.e. build is platform dependent!
2025-03-04 04:26:04,870 [Worker-51: Launching ParsingJSONResponse] INFO  o.a.m.s.f.DefaultMavenResourcesFiltering - Copying 0 resource from src\test\resources to target\test-classes
2025-03-04 04:27:14,965 [Worker-52: Launching ParsingJSONResponse] WARN  o.a.m.s.f.DefaultMavenResourcesFiltering - Using platform encoding (UTF-8 actually) to copy filtered resources, i.e. build is platform dependent!
2025-03-04 04:27:14,965 [Worker-52: Launching ParsingJSONResponse] INFO  o.a.m.s.f.DefaultMavenResourcesFiltering - skip non existing resourceDirectory C:\Users\athik\RestAssured-API-workspace\RestAssured.APIAutomation\src\main\resources
2025-03-04 04:27:14,966 [Worker-52: Launching ParsingJSONResponse] WARN  o.a.m.s.f.DefaultMavenResourcesFiltering - Using platform encoding (UTF-8 actually) to copy filtered resources, i.e. build is platform dependent!
2025-03-04 04:27:14,967 [Worker-52: Launching ParsingJSONResponse] INFO  o.a.m.s.f.DefaultMavenResourcesFiltering - Copying 0 resource from src\test\resources to target\test-classes
2025-03-04 04:27:43,383 [Worker-55: Launching ParsingJSONResponse] WARN  o.a.m.s.f.DefaultMavenResourcesFiltering - Using platform encoding (UTF-8 actually) to copy filtered resources, i.e. build is platform dependent!
2025-03-04 04:27:43,383 [Worker-55: Launching ParsingJSONResponse] INFO  o.a.m.s.f.DefaultMavenResourcesFiltering - skip non existing resourceDirectory C:\Users\athik\RestAssured-API-workspace\RestAssured.APIAutomation\src\main\resources
2025-03-04 04:27:43,384 [Worker-55: Launching ParsingJSONResponse] WARN  o.a.m.s.f.DefaultMavenResourcesFiltering - Using platform encoding (UTF-8 actually) to copy filtered resources, i.e. build is platform dependent!
2025-03-04 04:27:43,386 [Worker-55: Launching ParsingJSONResponse] INFO  o.a.m.s.f.DefaultMavenResourcesFiltering - Copying 0 resource from src\test\resources to target\test-classes
2025-03-04 11:52:14,473 [main] INFO  o.e.m.jdt.internal.UnitTestSupport - Updating ParsingXMLResponse from maven configuration
2025-03-04 11:52:14,778 [Worker-65: Launching ParsingXMLResponse] WARN  o.a.m.s.f.DefaultMavenResourcesFiltering - Using platform encoding (UTF-8 actually) to copy filtered resources, i.e. build is platform dependent!
2025-03-04 11:52:14,780 [Worker-65: Launching ParsingXMLResponse] INFO  o.a.m.s.f.DefaultMavenResourcesFiltering - skip non existing resourceDirectory C:\Users\athik\RestAssured-API-workspace\RestAssured.APIAutomation\src\main\resources
2025-03-04 11:52:14,782 [Worker-65: Launching ParsingXMLResponse] WARN  o.a.m.s.f.DefaultMavenResourcesFiltering - Using platform encoding (UTF-8 actually) to copy filtered resources, i.e. build is platform dependent!
2025-03-04 11:52:14,784 [Worker-65: Launching ParsingXMLResponse] INFO  o.a.m.s.f.DefaultMavenResourcesFiltering - Copying 0 resource from src\test\resources to target\test-classes
2025-03-04 13:42:45,927 [main] INFO  o.e.m.jdt.internal.UnitTestSupport - Updating UploadFile from maven configuration
2025-03-04 13:42:49,126 [Worker-81: Launching UploadFile] WARN  o.a.m.s.f.DefaultMavenResourcesFiltering - Using platform encoding (UTF-8 actually) to copy filtered resources, i.e. build is platform dependent!
2025-03-04 13:42:49,128 [Worker-81: Launching UploadFile] INFO  o.a.m.s.f.DefaultMavenResourcesFiltering - skip non existing resourceDirectory C:\Users\athik\RestAssured-API-workspace\RestAssured.APIAutomation\src\main\resources
2025-03-04 13:42:49,133 [Worker-81: Launching UploadFile] WARN  o.a.m.s.f.DefaultMavenResourcesFiltering - Using platform encoding (UTF-8 actually) to copy filtered resources, i.e. build is platform dependent!
2025-03-04 13:42:49,134 [Worker-81: Launching UploadFile] INFO  o.a.m.s.f.DefaultMavenResourcesFiltering - Copying 0 resource from src\test\resources to target\test-classes
2025-03-04 13:43:16,574 [Worker-83: Launching UploadFile] WARN  o.a.m.s.f.DefaultMavenResourcesFiltering - Using platform encoding (UTF-8 actually) to copy filtered resources, i.e. build is platform dependent!
2025-03-04 13:43:16,577 [Worker-83: Launching UploadFile] INFO  o.a.m.s.f.DefaultMavenResourcesFiltering - skip non existing resourceDirectory C:\Users\athik\RestAssured-API-workspace\RestAssured.APIAutomation\src\main\resources
2025-03-04 13:43:16,580 [Worker-83: Launching UploadFile] WARN  o.a.m.s.f.DefaultMavenResourcesFiltering - Using platform encoding (UTF-8 actually) to copy filtered resources, i.e. build is platform dependent!
2025-03-04 13:43:16,581 [Worker-83: Launching UploadFile] INFO  o.a.m.s.f.DefaultMavenResourcesFiltering - Copying 0 resource from src\test\resources to target\test-classes
2025-03-04 13:49:50,589 [Worker-82: Launching UploadFile] WARN  o.a.m.s.f.DefaultMavenResourcesFiltering - Using platform encoding (UTF-8 actually) to copy filtered resources, i.e. build is platform dependent!
2025-03-04 13:49:50,591 [Worker-82: Launching UploadFile] INFO  o.a.m.s.f.DefaultMavenResourcesFiltering - skip non existing resourceDirectory C:\Users\athik\RestAssured-API-workspace\RestAssured.APIAutomation\src\main\resources
2025-03-04 13:49:50,595 [Worker-82: Launching UploadFile] WARN  o.a.m.s.f.DefaultMavenResourcesFiltering - Using platform encoding (UTF-8 actually) to copy filtered resources, i.e. build is platform dependent!
2025-03-04 13:49:50,596 [Worker-82: Launching UploadFile] INFO  o.a.m.s.f.DefaultMavenResourcesFiltering - Copying 0 resource from src\test\resources to target\test-classes
2025-03-04 14:52:59,615 [Worker-88: Launching UploadFile] WARN  o.a.m.s.f.DefaultMavenResourcesFiltering - Using platform encoding (UTF-8 actually) to copy filtered resources, i.e. build is platform dependent!
2025-03-04 14:52:59,616 [Worker-88: Launching UploadFile] INFO  o.a.m.s.f.DefaultMavenResourcesFiltering - skip non existing resourceDirectory C:\Users\athik\RestAssured-API-workspace\RestAssured.APIAutomation\src\main\resources
2025-03-04 14:52:59,618 [Worker-88: Launching UploadFile] WARN  o.a.m.s.f.DefaultMavenResourcesFiltering - Using platform encoding (UTF-8 actually) to copy filtered resources, i.e. build is platform dependent!
2025-03-04 14:52:59,619 [Worker-88: Launching UploadFile] INFO  o.a.m.s.f.DefaultMavenResourcesFiltering - Copying 0 resource from src\test\resources to target\test-classes
2025-03-04 15:05:06,772 [Worker-5: Loading available Gradle versions] INFO  o.e.b.c.i.u.g.PublishedGradleVersions - Gradle version information cache is up-to-date. Trying to read.
2025-03-04 15:46:10,868 [Worker-37: Updating Maven Project] INFO  o.e.m.c.i.p.ProjectConfigurationManager - Update started
2025-03-04 15:46:11,167 [Worker-37: Updating Maven Project] INFO  o.e.m.c.i.l.LifecycleMappingFactory - Using org.eclipse.m2e.jdt.JarLifecycleMapping lifecycle mapping for MavenProject: com.example:restassured-api:1.0-SNAPSHOT @ C:\Users\athik\RestAssured-API-workspace\RestAssured.APIAutomation\pom.xml.
2025-03-04 15:46:11,539 [Worker-37: Updating Maven Project] INFO  o.e.m.c.i.e.AbstractTransferListenerAdapter - Downloading https://repo.maven.apache.org/maven2/io/rest-assured/json-schema-validator/5.3.0/json-schema-validator-5.3.0.pom
2025-03-04 15:46:11,547 [Worker-37: Updating Maven Project] INFO  o.e.m.c.i.e.AbstractTransferListenerAdapter - Downloaded https://repo.maven.apache.org/maven2/io/rest-assured/json-schema-validator/5.3.0/json-schema-validator-5.3.0.pom
2025-03-04 15:46:11,612 [Worker-37: Updating Maven Project] INFO  o.e.m.c.i.e.AbstractTransferListenerAdapter - Downloading https://repo.maven.apache.org/maven2/io/rest-assured/modules/5.3.0/modules-5.3.0.pom
2025-03-04 15:46:11,617 [Worker-37: Updating Maven Project] INFO  o.e.m.c.i.e.AbstractTransferListenerAdapter - Downloaded https://repo.maven.apache.org/maven2/io/rest-assured/modules/5.3.0/modules-5.3.0.pom
2025-03-04 15:46:11,679 [Worker-37: Updating Maven Project] INFO  o.e.m.c.i.e.AbstractTransferListenerAdapter - Downloading https://repo.maven.apache.org/maven2/com/github/java-json-tools/json-schema-validator/2.2.14/json-schema-validator-2.2.14.pom
2025-03-04 15:46:11,685 [Worker-37: Updating Maven Project] INFO  o.e.m.c.i.e.AbstractTransferListenerAdapter - Downloaded https://repo.maven.apache.org/maven2/com/github/java-json-tools/json-schema-validator/2.2.14/json-schema-validator-2.2.14.pom
2025-03-04 15:46:11,745 [Worker-37: Updating Maven Project] INFO  o.e.m.c.i.e.AbstractTransferListenerAdapter - Downloading https://repo.maven.apache.org/maven2/com/google/guava/guava/28.2-android/guava-28.2-android.pom
2025-03-04 15:46:11,763 [Worker-37: Updating Maven Project] INFO  o.e.m.c.i.e.AbstractTransferListenerAdapter - Downloaded https://repo.maven.apache.org/maven2/com/google/guava/guava/28.2-android/guava-28.2-android.pom
2025-03-04 15:46:11,823 [Worker-37: Updating Maven Project] INFO  o.e.m.c.i.e.AbstractTransferListenerAdapter - Downloading https://repo.maven.apache.org/maven2/com/google/guava/guava-parent/28.2-android/guava-parent-28.2-android.pom
2025-03-04 15:46:11,838 [Worker-37: Updating Maven Project] INFO  o.e.m.c.i.e.AbstractTransferListenerAdapter - Downloaded https://repo.maven.apache.org/maven2/com/google/guava/guava-parent/28.2-android/guava-parent-28.2-android.pom
2025-03-04 15:46:11,905 [Worker-37: Updating Maven Project] INFO  o.e.m.c.i.e.AbstractTransferListenerAdapter - Downloading https://repo.maven.apache.org/maven2/org/checkerframework/checker-compat-qual/2.5.5/checker-compat-qual-2.5.5.pom
2025-03-04 15:46:11,908 [Worker-37: Updating Maven Project] INFO  o.e.m.c.i.e.AbstractTransferListenerAdapter - Downloaded https://repo.maven.apache.org/maven2/org/checkerframework/checker-compat-qual/2.5.5/checker-compat-qual-2.5.5.pom
2025-03-04 15:46:11,968 [Worker-37: Updating Maven Project] INFO  o.e.m.c.i.e.AbstractTransferListenerAdapter - Downloading https://repo.maven.apache.org/maven2/com/google/errorprone/error_prone_annotations/2.3.4/error_prone_annotations-2.3.4.pom
2025-03-04 15:46:11,974 [Worker-37: Updating Maven Project] INFO  o.e.m.c.i.e.AbstractTransferListenerAdapter - Downloaded https://repo.maven.apache.org/maven2/com/google/errorprone/error_prone_annotations/2.3.4/error_prone_annotations-2.3.4.pom
2025-03-04 15:46:12,080 [Worker-37: Updating Maven Project] INFO  o.e.m.c.i.e.AbstractTransferListenerAdapter - Downloading https://repo.maven.apache.org/maven2/com/google/errorprone/error_prone_parent/2.3.4/error_prone_parent-2.3.4.pom
2025-03-04 15:46:12,087 [Worker-37: Updating Maven Project] INFO  o.e.m.c.i.e.AbstractTransferListenerAdapter - Downloaded https://repo.maven.apache.org/maven2/com/google/errorprone/error_prone_parent/2.3.4/error_prone_parent-2.3.4.pom
2025-03-04 15:46:12,153 [Worker-37: Updating Maven Project] INFO  o.e.m.c.i.e.AbstractTransferListenerAdapter - Downloading https://repo.maven.apache.org/maven2/com/github/java-json-tools/jackson-coreutils-equivalence/1.0/jackson-coreutils-equivalence-1.0.pom
2025-03-04 15:46:12,157 [Worker-37: Updating Maven Project] INFO  o.e.m.c.i.e.AbstractTransferListenerAdapter - Downloaded https://repo.maven.apache.org/maven2/com/github/java-json-tools/jackson-coreutils-equivalence/1.0/jackson-coreutils-equivalence-1.0.pom
2025-03-04 15:46:12,221 [Worker-37: Updating Maven Project] INFO  o.e.m.c.i.e.AbstractTransferListenerAdapter - Downloading https://repo.maven.apache.org/maven2/com/fasterxml/jackson/core/jackson-databind/2.11.0/jackson-databind-2.11.0.pom
2025-03-04 15:46:12,232 [Worker-37: Updating Maven Project] INFO  o.e.m.c.i.e.AbstractTransferListenerAdapter - Downloaded https://repo.maven.apache.org/maven2/com/fasterxml/jackson/core/jackson-databind/2.11.0/jackson-databind-2.11.0.pom
2025-03-04 15:46:12,299 [Worker-37: Updating Maven Project] INFO  o.e.m.c.i.e.AbstractTransferListenerAdapter - Downloading https://repo.maven.apache.org/maven2/com/fasterxml/jackson/jackson-base/2.11.0/jackson-base-2.11.0.pom
2025-03-04 15:46:12,309 [Worker-37: Updating Maven Project] INFO  o.e.m.c.i.e.AbstractTransferListenerAdapter - Downloaded https://repo.maven.apache.org/maven2/com/fasterxml/jackson/jackson-base/2.11.0/jackson-base-2.11.0.pom
2025-03-04 15:46:12,378 [Worker-37: Updating Maven Project] INFO  o.e.m.c.i.e.AbstractTransferListenerAdapter - Downloading https://repo.maven.apache.org/maven2/com/fasterxml/jackson/jackson-bom/2.11.0/jackson-bom-2.11.0.pom
2025-03-04 15:46:12,396 [Worker-37: Updating Maven Project] INFO  o.e.m.c.i.e.AbstractTransferListenerAdapter - Downloaded https://repo.maven.apache.org/maven2/com/fasterxml/jackson/jackson-bom/2.11.0/jackson-bom-2.11.0.pom
2025-03-04 15:46:12,456 [Worker-37: Updating Maven Project] INFO  o.e.m.c.i.e.AbstractTransferListenerAdapter - Downloading https://repo.maven.apache.org/maven2/com/fasterxml/jackson/jackson-parent/2.11/jackson-parent-2.11.pom
2025-03-04 15:46:12,466 [Worker-37: Updating Maven Project] INFO  o.e.m.c.i.e.AbstractTransferListenerAdapter - Downloaded https://repo.maven.apache.org/maven2/com/fasterxml/jackson/jackson-parent/2.11/jackson-parent-2.11.pom
2025-03-04 15:46:12,529 [Worker-37: Updating Maven Project] INFO  o.e.m.c.i.e.AbstractTransferListenerAdapter - Downloading https://repo.maven.apache.org/maven2/com/fasterxml/jackson/core/jackson-annotations/2.11.0/jackson-annotations-2.11.0.pom
2025-03-04 15:46:12,533 [Worker-37: Updating Maven Project] INFO  o.e.m.c.i.e.AbstractTransferListenerAdapter - Downloaded https://repo.maven.apache.org/maven2/com/fasterxml/jackson/core/jackson-annotations/2.11.0/jackson-annotations-2.11.0.pom
2025-03-04 15:46:12,595 [Worker-37: Updating Maven Project] INFO  o.e.m.c.i.e.AbstractTransferListenerAdapter - Downloading https://repo.maven.apache.org/maven2/com/fasterxml/jackson/core/jackson-core/2.11.0/jackson-core-2.11.0.pom
2025-03-04 15:46:12,600 [Worker-37: Updating Maven Project] INFO  o.e.m.c.i.e.AbstractTransferListenerAdapter - Downloaded https://repo.maven.apache.org/maven2/com/fasterxml/jackson/core/jackson-core/2.11.0/jackson-core-2.11.0.pom
2025-03-04 15:46:12,707 [Worker-37: Updating Maven Project] INFO  o.e.m.c.i.e.AbstractTransferListenerAdapter - Downloading https://repo.maven.apache.org/maven2/com/github/java-json-tools/jackson-coreutils/2.0/jackson-coreutils-2.0.pom
2025-03-04 15:46:12,713 [Worker-37: Updating Maven Project] INFO  o.e.m.c.i.e.AbstractTransferListenerAdapter - Downloaded https://repo.maven.apache.org/maven2/com/github/java-json-tools/jackson-coreutils/2.0/jackson-coreutils-2.0.pom
2025-03-04 15:46:12,771 [Worker-37: Updating Maven Project] INFO  o.e.m.c.i.e.AbstractTransferListenerAdapter - Downloading https://repo.maven.apache.org/maven2/com/github/java-json-tools/msg-simple/1.2/msg-simple-1.2.pom
2025-03-04 15:46:12,775 [Worker-37: Updating Maven Project] INFO  o.e.m.c.i.e.AbstractTransferListenerAdapter - Downloaded https://repo.maven.apache.org/maven2/com/github/java-json-tools/msg-simple/1.2/msg-simple-1.2.pom
2025-03-04 15:46:12,835 [Worker-37: Updating Maven Project] INFO  o.e.m.c.i.e.AbstractTransferListenerAdapter - Downloading https://repo.maven.apache.org/maven2/com/github/java-json-tools/btf/1.3/btf-1.3.pom
2025-03-04 15:46:12,838 [Worker-37: Updating Maven Project] INFO  o.e.m.c.i.e.AbstractTransferListenerAdapter - Downloaded https://repo.maven.apache.org/maven2/com/github/java-json-tools/btf/1.3/btf-1.3.pom
2025-03-04 15:46:12,901 [Worker-37: Updating Maven Project] INFO  o.e.m.c.i.e.AbstractTransferListenerAdapter - Downloading https://repo.maven.apache.org/maven2/com/github/java-json-tools/json-schema-core/1.2.14/json-schema-core-1.2.14.pom
2025-03-04 15:46:12,906 [Worker-37: Updating Maven Project] INFO  o.e.m.c.i.e.AbstractTransferListenerAdapter - Downloaded https://repo.maven.apache.org/maven2/com/github/java-json-tools/json-schema-core/1.2.14/json-schema-core-1.2.14.pom
2025-03-04 15:46:12,969 [Worker-37: Updating Maven Project] INFO  o.e.m.c.i.e.AbstractTransferListenerAdapter - Downloading https://repo.maven.apache.org/maven2/com/github/java-json-tools/uri-template/0.10/uri-template-0.10.pom
2025-03-04 15:46:12,973 [Worker-37: Updating Maven Project] INFO  o.e.m.c.i.e.AbstractTransferListenerAdapter - Downloaded https://repo.maven.apache.org/maven2/com/github/java-json-tools/uri-template/0.10/uri-template-0.10.pom
2025-03-04 15:46:13,033 [Worker-37: Updating Maven Project] INFO  o.e.m.c.i.e.AbstractTransferListenerAdapter - Downloading https://repo.maven.apache.org/maven2/com/google/guava/guava/28.1-android/guava-28.1-android.pom
2025-03-04 15:46:13,045 [Worker-37: Updating Maven Project] INFO  o.e.m.c.i.e.AbstractTransferListenerAdapter - Downloaded https://repo.maven.apache.org/maven2/com/google/guava/guava/28.1-android/guava-28.1-android.pom
2025-03-04 15:46:13,104 [Worker-37: Updating Maven Project] INFO  o.e.m.c.i.e.AbstractTransferListenerAdapter - Downloading https://repo.maven.apache.org/maven2/com/google/guava/guava-parent/28.1-android/guava-parent-28.1-android.pom
2025-03-04 15:46:13,120 [Worker-37: Updating Maven Project] INFO  o.e.m.c.i.e.AbstractTransferListenerAdapter - Downloaded https://repo.maven.apache.org/maven2/com/google/guava/guava-parent/28.1-android/guava-parent-28.1-android.pom
2025-03-04 15:46:13,183 [Worker-37: Updating Maven Project] INFO  o.e.m.c.i.e.AbstractTransferListenerAdapter - Downloading https://repo.maven.apache.org/maven2/com/google/errorprone/error_prone_annotations/2.3.2/error_prone_annotations-2.3.2.pom
2025-03-04 15:46:13,188 [Worker-37: Updating Maven Project] INFO  o.e.m.c.i.e.AbstractTransferListenerAdapter - Downloaded https://repo.maven.apache.org/maven2/com/google/errorprone/error_prone_annotations/2.3.2/error_prone_annotations-2.3.2.pom
2025-03-04 15:46:13,274 [Worker-37: Updating Maven Project] INFO  o.e.m.c.i.e.AbstractTransferListenerAdapter - Downloading https://repo.maven.apache.org/maven2/com/google/errorprone/error_prone_parent/2.3.2/error_prone_parent-2.3.2.pom
2025-03-04 15:46:13,279 [Worker-37: Updating Maven Project] INFO  o.e.m.c.i.e.AbstractTransferListenerAdapter - Downloaded https://repo.maven.apache.org/maven2/com/google/errorprone/error_prone_parent/2.3.2/error_prone_parent-2.3.2.pom
2025-03-04 15:46:13,340 [Worker-37: Updating Maven Project] INFO  o.e.m.c.i.e.AbstractTransferListenerAdapter - Downloading https://repo.maven.apache.org/maven2/org/codehaus/mojo/animal-sniffer-annotations/1.18/animal-sniffer-annotations-1.18.pom
2025-03-04 15:46:13,344 [Worker-37: Updating Maven Project] INFO  o.e.m.c.i.e.AbstractTransferListenerAdapter - Downloaded https://repo.maven.apache.org/maven2/org/codehaus/mojo/animal-sniffer-annotations/1.18/animal-sniffer-annotations-1.18.pom
2025-03-04 15:46:13,402 [Worker-37: Updating Maven Project] INFO  o.e.m.c.i.e.AbstractTransferListenerAdapter - Downloading https://repo.maven.apache.org/maven2/org/codehaus/mojo/animal-sniffer-parent/1.18/animal-sniffer-parent-1.18.pom
2025-03-04 15:46:13,417 [Worker-37: Updating Maven Project] INFO  o.e.m.c.i.e.AbstractTransferListenerAdapter - Downloaded https://repo.maven.apache.org/maven2/org/codehaus/mojo/animal-sniffer-parent/1.18/animal-sniffer-parent-1.18.pom
2025-03-04 15:46:13,476 [Worker-37: Updating Maven Project] INFO  o.e.m.c.i.e.AbstractTransferListenerAdapter - Downloading https://repo.maven.apache.org/maven2/org/codehaus/mojo/mojo-parent/50/mojo-parent-50.pom
2025-03-04 15:46:13,520 [Worker-37: Updating Maven Project] INFO  o.e.m.c.i.e.AbstractTransferListenerAdapter - Downloaded https://repo.maven.apache.org/maven2/org/codehaus/mojo/mojo-parent/50/mojo-parent-50.pom
2025-03-04 15:46:13,581 [Worker-37: Updating Maven Project] INFO  o.e.m.c.i.e.AbstractTransferListenerAdapter - Downloading https://repo.maven.apache.org/maven2/org/mozilla/rhino/1.7.7.2/rhino-1.7.7.2.pom
2025-03-04 15:46:13,585 [Worker-37: Updating Maven Project] INFO  o.e.m.c.i.e.AbstractTransferListenerAdapter - Downloaded https://repo.maven.apache.org/maven2/org/mozilla/rhino/1.7.7.2/rhino-1.7.7.2.pom
2025-03-04 15:46:13,655 [Worker-37: Updating Maven Project] INFO  o.e.m.c.i.e.AbstractTransferListenerAdapter - Downloading https://repo.maven.apache.org/maven2/com/sun/mail/mailapi/1.6.2/mailapi-1.6.2.pom
2025-03-04 15:46:13,660 [Worker-37: Updating Maven Project] INFO  o.e.m.c.i.e.AbstractTransferListenerAdapter - Downloaded https://repo.maven.apache.org/maven2/com/sun/mail/mailapi/1.6.2/mailapi-1.6.2.pom
2025-03-04 15:46:13,721 [Worker-37: Updating Maven Project] INFO  o.e.m.c.i.e.AbstractTransferListenerAdapter - Downloading https://repo.maven.apache.org/maven2/com/sun/mail/all/1.6.2/all-1.6.2.pom
2025-03-04 15:46:13,742 [Worker-37: Updating Maven Project] INFO  o.e.m.c.i.e.AbstractTransferListenerAdapter - Downloaded https://repo.maven.apache.org/maven2/com/sun/mail/all/1.6.2/all-1.6.2.pom
2025-03-04 15:46:13,813 [Worker-37: Updating Maven Project] INFO  o.e.m.c.i.e.AbstractTransferListenerAdapter - Downloading https://repo.maven.apache.org/maven2/net/java/jvnet-parent/1/jvnet-parent-1.pom
2025-03-04 15:46:13,818 [Worker-37: Updating Maven Project] INFO  o.e.m.c.i.e.AbstractTransferListenerAdapter - Downloaded https://repo.maven.apache.org/maven2/net/java/jvnet-parent/1/jvnet-parent-1.pom
2025-03-04 15:46:13,880 [Worker-37: Updating Maven Project] INFO  o.e.m.c.i.e.AbstractTransferListenerAdapter - Downloading https://repo.maven.apache.org/maven2/joda-time/joda-time/2.10.5/joda-time-2.10.5.pom
2025-03-04 15:46:13,915 [Worker-37: Updating Maven Project] INFO  o.e.m.c.i.e.AbstractTransferListenerAdapter - Downloaded https://repo.maven.apache.org/maven2/joda-time/joda-time/2.10.5/joda-time-2.10.5.pom
2025-03-04 15:46:13,978 [Worker-37: Updating Maven Project] INFO  o.e.m.c.i.e.AbstractTransferListenerAdapter - Downloading https://repo.maven.apache.org/maven2/com/googlecode/libphonenumber/libphonenumber/8.11.1/libphonenumber-8.11.1.pom
2025-03-04 15:46:13,982 [Worker-37: Updating Maven Project] INFO  o.e.m.c.i.e.AbstractTransferListenerAdapter - Downloaded https://repo.maven.apache.org/maven2/com/googlecode/libphonenumber/libphonenumber/8.11.1/libphonenumber-8.11.1.pom
2025-03-04 15:46:14,041 [Worker-37: Updating Maven Project] INFO  o.e.m.c.i.e.AbstractTransferListenerAdapter - Downloading https://repo.maven.apache.org/maven2/com/googlecode/libphonenumber/libphonenumber-parent/8.11.1/libphonenumber-parent-8.11.1.pom
2025-03-04 15:46:14,049 [Worker-37: Updating Maven Project] INFO  o.e.m.c.i.e.AbstractTransferListenerAdapter - Downloaded https://repo.maven.apache.org/maven2/com/googlecode/libphonenumber/libphonenumber-parent/8.11.1/libphonenumber-parent-8.11.1.pom
2025-03-04 15:46:14,116 [Worker-37: Updating Maven Project] INFO  o.e.m.c.i.e.AbstractTransferListenerAdapter - Downloading https://repo.maven.apache.org/maven2/net/sf/jopt-simple/jopt-simple/5.0.4/jopt-simple-5.0.4.pom
2025-03-04 15:46:14,133 [Worker-37: Updating Maven Project] INFO  o.e.m.c.i.e.AbstractTransferListenerAdapter - Downloaded https://repo.maven.apache.org/maven2/net/sf/jopt-simple/jopt-simple/5.0.4/jopt-simple-5.0.4.pom
2025-03-04 15:46:14,353 [Worker-37: Updating Maven Project] INFO  o.e.m.c.i.e.AbstractTransferListenerAdapter - Downloading https://repo.maven.apache.org/maven2/io/rest-assured/json-schema-validator/5.3.0/json-schema-validator-5.3.0.jar
2025-03-04 15:46:14,363 [Worker-37: Updating Maven Project] INFO  o.e.m.c.i.e.AbstractTransferListenerAdapter - Downloaded https://repo.maven.apache.org/maven2/io/rest-assured/json-schema-validator/5.3.0/json-schema-validator-5.3.0.jar
2025-03-04 15:46:14,420 [BasicRepositoryConnector-repo.maven.apache.org-0-1] INFO  o.e.m.c.i.e.AbstractTransferListenerAdapter - Downloading https://repo.maven.apache.org/maven2/com/google/guava/guava/28.2-android/guava-28.2-android.jar
2025-03-04 15:46:14,531 [BasicRepositoryConnector-repo.maven.apache.org-0-2] INFO  o.e.m.c.i.e.AbstractTransferListenerAdapter - Downloading https://repo.maven.apache.org/maven2/org/checkerframework/checker-compat-qual/2.5.5/checker-compat-qual-2.5.5.jar
2025-03-04 15:46:14,531 [BasicRepositoryConnector-repo.maven.apache.org-0-4] INFO  o.e.m.c.i.e.AbstractTransferListenerAdapter - Downloading https://repo.maven.apache.org/maven2/com/github/java-json-tools/jackson-coreutils-equivalence/1.0/jackson-coreutils-equivalence-1.0.jar
2025-03-04 15:46:14,533 [BasicRepositoryConnector-repo.maven.apache.org-0-3] INFO  o.e.m.c.i.e.AbstractTransferListenerAdapter - Downloading https://repo.maven.apache.org/maven2/com/google/errorprone/error_prone_annotations/2.3.4/error_prone_annotations-2.3.4.jar
2025-03-04 15:46:14,534 [BasicRepositoryConnector-repo.maven.apache.org-0-4] INFO  o.e.m.c.i.e.AbstractTransferListenerAdapter - Downloaded https://repo.maven.apache.org/maven2/com/github/java-json-tools/jackson-coreutils-equivalence/1.0/jackson-coreutils-equivalence-1.0.jar
2025-03-04 15:46:14,534 [BasicRepositoryConnector-repo.maven.apache.org-0-2] INFO  o.e.m.c.i.e.AbstractTransferListenerAdapter - Downloaded https://repo.maven.apache.org/maven2/org/checkerframework/checker-compat-qual/2.5.5/checker-compat-qual-2.5.5.jar
2025-03-04 15:46:14,536 [BasicRepositoryConnector-repo.maven.apache.org-0-0] INFO  o.e.m.c.i.e.AbstractTransferListenerAdapter - Downloading https://repo.maven.apache.org/maven2/com/github/java-json-tools/json-schema-validator/2.2.14/json-schema-validator-2.2.14.jar
2025-03-04 15:46:14,621 [BasicRepositoryConnector-repo.maven.apache.org-0-4] INFO  o.e.m.c.i.e.AbstractTransferListenerAdapter - Downloading https://repo.maven.apache.org/maven2/com/fasterxml/jackson/core/jackson-databind/2.11.0/jackson-databind-2.11.0.jar
2025-03-04 15:46:14,621 [BasicRepositoryConnector-repo.maven.apache.org-0-2] INFO  o.e.m.c.i.e.AbstractTransferListenerAdapter - Downloading https://repo.maven.apache.org/maven2/com/fasterxml/jackson/core/jackson-annotations/2.11.0/jackson-annotations-2.11.0.jar
2025-03-04 15:46:14,625 [BasicRepositoryConnector-repo.maven.apache.org-0-3] INFO  o.e.m.c.i.e.AbstractTransferListenerAdapter - Downloaded https://repo.maven.apache.org/maven2/com/google/errorprone/error_prone_annotations/2.3.4/error_prone_annotations-2.3.4.jar
2025-03-04 15:46:14,680 [BasicRepositoryConnector-repo.maven.apache.org-0-3] INFO  o.e.m.c.i.e.AbstractTransferListenerAdapter - Downloading https://repo.maven.apache.org/maven2/com/fasterxml/jackson/core/jackson-core/2.11.0/jackson-core-2.11.0.jar
2025-03-04 15:46:14,740 [BasicRepositoryConnector-repo.maven.apache.org-0-2] INFO  o.e.m.c.i.e.AbstractTransferListenerAdapter - Downloaded https://repo.maven.apache.org/maven2/com/fasterxml/jackson/core/jackson-annotations/2.11.0/jackson-annotations-2.11.0.jar
2025-03-04 15:46:14,825 [BasicRepositoryConnector-repo.maven.apache.org-0-2] INFO  o.e.m.c.i.e.AbstractTransferListenerAdapter - Downloading https://repo.maven.apache.org/maven2/com/github/java-json-tools/jackson-coreutils/2.0/jackson-coreutils-2.0.jar
2025-03-04 15:46:14,979 [BasicRepositoryConnector-repo.maven.apache.org-0-0] INFO  o.e.m.c.i.e.AbstractTransferListenerAdapter - Downloaded https://repo.maven.apache.org/maven2/com/github/java-json-tools/json-schema-validator/2.2.14/json-schema-validator-2.2.14.jar
2025-03-04 15:46:14,994 [BasicRepositoryConnector-repo.maven.apache.org-0-1] INFO  o.e.m.c.i.e.AbstractTransferListenerAdapter - Downloaded https://repo.maven.apache.org/maven2/com/google/guava/guava/28.2-android/guava-28.2-android.jar
2025-03-04 15:46:15,041 [BasicRepositoryConnector-repo.maven.apache.org-0-0] INFO  o.e.m.c.i.e.AbstractTransferListenerAdapter - Downloading https://repo.maven.apache.org/maven2/com/github/java-json-tools/msg-simple/1.2/msg-simple-1.2.jar
2025-03-04 15:46:15,041 [BasicRepositoryConnector-repo.maven.apache.org-0-2] INFO  o.e.m.c.i.e.AbstractTransferListenerAdapter - Downloaded https://repo.maven.apache.org/maven2/com/github/java-json-tools/jackson-coreutils/2.0/jackson-coreutils-2.0.jar
2025-03-04 15:46:15,051 [BasicRepositoryConnector-repo.maven.apache.org-0-1] INFO  o.e.m.c.i.e.AbstractTransferListenerAdapter - Downloading https://repo.maven.apache.org/maven2/com/github/java-json-tools/btf/1.3/btf-1.3.jar
2025-03-04 15:46:15,054 [BasicRepositoryConnector-repo.maven.apache.org-0-1] INFO  o.e.m.c.i.e.AbstractTransferListenerAdapter - Downloaded https://repo.maven.apache.org/maven2/com/github/java-json-tools/btf/1.3/btf-1.3.jar
2025-03-04 15:46:15,078 [BasicRepositoryConnector-repo.maven.apache.org-0-0] INFO  o.e.m.c.i.e.AbstractTransferListenerAdapter - Downloaded https://repo.maven.apache.org/maven2/com/github/java-json-tools/msg-simple/1.2/msg-simple-1.2.jar
2025-03-04 15:46:15,097 [BasicRepositoryConnector-repo.maven.apache.org-0-2] INFO  o.e.m.c.i.e.AbstractTransferListenerAdapter - Downloading https://repo.maven.apache.org/maven2/com/github/java-json-tools/json-schema-core/1.2.14/json-schema-core-1.2.14.jar
2025-03-04 15:46:15,109 [BasicRepositoryConnector-repo.maven.apache.org-0-1] INFO  o.e.m.c.i.e.AbstractTransferListenerAdapter - Downloading https://repo.maven.apache.org/maven2/com/github/java-json-tools/uri-template/0.10/uri-template-0.10.jar
2025-03-04 15:46:15,123 [BasicRepositoryConnector-repo.maven.apache.org-0-1] INFO  o.e.m.c.i.e.AbstractTransferListenerAdapter - Downloaded https://repo.maven.apache.org/maven2/com/github/java-json-tools/uri-template/0.10/uri-template-0.10.jar
2025-03-04 15:46:15,137 [BasicRepositoryConnector-repo.maven.apache.org-0-0] INFO  o.e.m.c.i.e.AbstractTransferListenerAdapter - Downloading https://repo.maven.apache.org/maven2/org/mozilla/rhino/1.7.7.2/rhino-1.7.7.2.jar
2025-03-04 15:46:15,138 [BasicRepositoryConnector-repo.maven.apache.org-0-3] INFO  o.e.m.c.i.e.AbstractTransferListenerAdapter - Downloaded https://repo.maven.apache.org/maven2/com/fasterxml/jackson/core/jackson-core/2.11.0/jackson-core-2.11.0.jar
2025-03-04 15:46:15,179 [BasicRepositoryConnector-repo.maven.apache.org-0-1] INFO  o.e.m.c.i.e.AbstractTransferListenerAdapter - Downloading https://repo.maven.apache.org/maven2/com/sun/mail/mailapi/1.6.2/mailapi-1.6.2.jar
2025-03-04 15:46:15,197 [BasicRepositoryConnector-repo.maven.apache.org-0-3] INFO  o.e.m.c.i.e.AbstractTransferListenerAdapter - Downloading https://repo.maven.apache.org/maven2/joda-time/joda-time/2.10.5/joda-time-2.10.5.jar
2025-03-04 15:46:15,214 [BasicRepositoryConnector-repo.maven.apache.org-0-1] INFO  o.e.m.c.i.e.AbstractTransferListenerAdapter - Downloaded https://repo.maven.apache.org/maven2/com/sun/mail/mailapi/1.6.2/mailapi-1.6.2.jar
2025-03-04 15:46:15,306 [BasicRepositoryConnector-repo.maven.apache.org-0-1] INFO  o.e.m.c.i.e.AbstractTransferListenerAdapter - Downloading https://repo.maven.apache.org/maven2/com/googlecode/libphonenumber/libphonenumber/8.11.1/libphonenumber-8.11.1.jar
2025-03-04 15:46:15,331 [BasicRepositoryConnector-repo.maven.apache.org-0-1] INFO  o.e.m.c.i.e.AbstractTransferListenerAdapter - Downloaded https://repo.maven.apache.org/maven2/com/googlecode/libphonenumber/libphonenumber/8.11.1/libphonenumber-8.11.1.jar
2025-03-04 15:46:15,344 [BasicRepositoryConnector-repo.maven.apache.org-0-2] INFO  o.e.m.c.i.e.AbstractTransferListenerAdapter - Downloaded https://repo.maven.apache.org/maven2/com/github/java-json-tools/json-schema-core/1.2.14/json-schema-core-1.2.14.jar
2025-03-04 15:46:15,396 [BasicRepositoryConnector-repo.maven.apache.org-0-1] INFO  o.e.m.c.i.e.AbstractTransferListenerAdapter - Downloading https://repo.maven.apache.org/maven2/net/sf/jopt-simple/jopt-simple/5.0.4/jopt-simple-5.0.4.jar
2025-03-04 15:46:15,404 [BasicRepositoryConnector-repo.maven.apache.org-0-1] INFO  o.e.m.c.i.e.AbstractTransferListenerAdapter - Downloaded https://repo.maven.apache.org/maven2/net/sf/jopt-simple/jopt-simple/5.0.4/jopt-simple-5.0.4.jar
2025-03-04 15:46:15,603 [BasicRepositoryConnector-repo.maven.apache.org-0-3] INFO  o.e.m.c.i.e.AbstractTransferListenerAdapter - Downloaded https://repo.maven.apache.org/maven2/joda-time/joda-time/2.10.5/joda-time-2.10.5.jar
2025-03-04 15:46:16,060 [BasicRepositoryConnector-repo.maven.apache.org-0-0] INFO  o.e.m.c.i.e.AbstractTransferListenerAdapter - Downloaded https://repo.maven.apache.org/maven2/org/mozilla/rhino/1.7.7.2/rhino-1.7.7.2.jar
2025-03-04 15:46:16,172 [BasicRepositoryConnector-repo.maven.apache.org-0-4] INFO  o.e.m.c.i.e.AbstractTransferListenerAdapter - Downloaded https://repo.maven.apache.org/maven2/com/fasterxml/jackson/core/jackson-databind/2.11.0/jackson-databind-2.11.0.jar
2025-03-04 15:46:16,503 [Worker-37: Updating Maven Project] INFO  o.e.m.j.i.AbstractJavaProjectConfigurator - Adding source folder /RestAssured.APIAutomation/src/main/java
2025-03-04 15:46:16,505 [Worker-37: Updating Maven Project] INFO  o.e.m.j.i.AbstractJavaProjectConfigurator - Adding resource folder /RestAssured.APIAutomation/src/main/resources
2025-03-04 15:46:16,506 [Worker-37: Updating Maven Project] INFO  o.e.m.j.i.AbstractJavaProjectConfigurator - Adding source folder /RestAssured.APIAutomation/src/test/java
2025-03-04 15:46:16,507 [Worker-37: Updating Maven Project] INFO  o.e.m.j.i.AbstractJavaProjectConfigurator - Adding resource folder /RestAssured.APIAutomation/src/test/resources
2025-03-04 15:46:16,576 [Worker-37: Updating Maven Project] INFO  o.e.m.jdt.internal.UnitTestSupport - Reset launch configuration name: CookiesDemo
2025-03-04 15:46:16,578 [Worker-37: Updating Maven Project] INFO  o.e.m.jdt.internal.UnitTestSupport - Updating CookiesDemo from maven configuration
2025-03-04 15:46:16,901 [Worker-37: Updating Maven Project] INFO  o.e.m.jdt.internal.UnitTestSupport - Reset launch configuration name: DifferentWaysToCreatePostRequestBody
2025-03-04 15:46:16,901 [Worker-37: Updating Maven Project] INFO  o.e.m.jdt.internal.UnitTestSupport - Updating DifferentWaysToCreatePostRequestBody from maven configuration
2025-03-04 15:46:16,902 [Worker-37: Updating Maven Project] INFO  o.e.m.jdt.internal.UnitTestSupport - Reset launch configuration name: HeadersDemo
2025-03-04 15:46:16,902 [Worker-37: Updating Maven Project] INFO  o.e.m.jdt.internal.UnitTestSupport - Updating HeadersDemo from maven configuration
2025-03-04 15:46:16,902 [Worker-37: Updating Maven Project] INFO  o.e.m.jdt.internal.UnitTestSupport - Reset launch configuration name: HTTPRequests.getUsers
2025-03-04 15:46:16,902 [Worker-37: Updating Maven Project] INFO  o.e.m.jdt.internal.UnitTestSupport - Updating HTTPRequests.getUsers from maven configuration
2025-03-04 15:46:16,902 [Worker-37: Updating Maven Project] INFO  o.e.m.jdt.internal.UnitTestSupport - Reset launch configuration name: HTTPRequests
2025-03-04 15:46:16,902 [Worker-37: Updating Maven Project] INFO  o.e.m.jdt.internal.UnitTestSupport - Updating HTTPRequests from maven configuration
2025-03-04 15:46:16,902 [Worker-37: Updating Maven Project] INFO  o.e.m.jdt.internal.UnitTestSupport - Reset launch configuration name: ParsingJSONResponse
2025-03-04 15:46:16,902 [Worker-37: Updating Maven Project] INFO  o.e.m.jdt.internal.UnitTestSupport - Updating ParsingJSONResponse from maven configuration
2025-03-04 15:46:16,903 [Worker-37: Updating Maven Project] INFO  o.e.m.jdt.internal.UnitTestSupport - Reset launch configuration name: ParsingXMLResponse
2025-03-04 15:46:16,903 [Worker-37: Updating Maven Project] INFO  o.e.m.jdt.internal.UnitTestSupport - Updating ParsingXMLResponse from maven configuration
2025-03-04 15:46:16,903 [Worker-37: Updating Maven Project] INFO  o.e.m.jdt.internal.UnitTestSupport - Reset launch configuration name: PathAndQueryParameters
2025-03-04 15:46:16,903 [Worker-37: Updating Maven Project] INFO  o.e.m.jdt.internal.UnitTestSupport - Updating PathAndQueryParameters from maven configuration
2025-03-04 15:46:16,904 [Worker-37: Updating Maven Project] INFO  o.e.m.jdt.internal.UnitTestSupport - Reset launch configuration name: RestAssured.APIAutomation_testng.xml
2025-03-04 15:46:16,904 [Worker-37: Updating Maven Project] INFO  o.e.m.jdt.internal.UnitTestSupport - Updating RestAssured.APIAutomation_testng.xml from maven configuration
2025-03-04 15:46:16,904 [Worker-37: Updating Maven Project] INFO  o.e.m.jdt.internal.UnitTestSupport - Reset launch configuration name: UploadFile
2025-03-04 15:46:16,904 [Worker-37: Updating Maven Project] INFO  o.e.m.jdt.internal.UnitTestSupport - Updating UploadFile from maven configuration
2025-03-04 15:46:16,980 [Worker-37: Updating Maven Project] INFO  o.e.m.c.i.p.ProjectConfigurationManager - Update completed for 1 poms: local refresh takes 0.00 sec, refresh facades takes 5.00 sec, update config takes 0.00 sec 
2025-03-04 15:46:17,448 [Worker-38: Download sources and javadoc] INFO  o.e.m.c.i.e.AbstractTransferListenerAdapter - Downloading https://repo.maven.apache.org/maven2/io/rest-assured/json-schema-validator/5.3.0/json-schema-validator-5.3.0-sources.jar
2025-03-04 15:46:17,452 [Worker-38: Download sources and javadoc] INFO  o.e.m.c.i.e.AbstractTransferListenerAdapter - Downloaded https://repo.maven.apache.org/maven2/io/rest-assured/json-schema-validator/5.3.0/json-schema-validator-5.3.0-sources.jar
2025-03-04 15:46:17,454 [Worker-38: Download sources and javadoc] INFO  o.e.m.j.internal.DownloadSourcesJob - Downloaded sources for io.rest-assured:json-schema-validator:5.3.0
2025-03-04 15:46:17,643 [Worker-38: Download sources and javadoc] INFO  o.e.m.c.i.e.AbstractTransferListenerAdapter - Downloading https://repo.maven.apache.org/maven2/com/github/java-json-tools/json-schema-validator/2.2.14/json-schema-validator-2.2.14-sources.jar
2025-03-04 15:46:17,888 [Worker-38: Download sources and javadoc] INFO  o.e.m.c.i.e.AbstractTransferListenerAdapter - Downloaded https://repo.maven.apache.org/maven2/com/github/java-json-tools/json-schema-validator/2.2.14/json-schema-validator-2.2.14-sources.jar
2025-03-04 15:46:17,890 [Worker-38: Download sources and javadoc] INFO  o.e.m.j.internal.DownloadSourcesJob - Downloaded sources for com.github.java-json-tools:json-schema-validator:2.2.14
2025-03-04 15:46:18,081 [Worker-38: Download sources and javadoc] INFO  o.e.m.c.i.e.AbstractTransferListenerAdapter - Downloading https://repo.maven.apache.org/maven2/com/google/guava/guava/28.2-android/guava-28.2-android-sources.jar
2025-03-04 15:46:18,491 [Worker-38: Download sources and javadoc] INFO  o.e.m.c.i.e.AbstractTransferListenerAdapter - Downloaded https://repo.maven.apache.org/maven2/com/google/guava/guava/28.2-android/guava-28.2-android-sources.jar
2025-03-04 15:46:18,492 [Worker-38: Download sources and javadoc] INFO  o.e.m.j.internal.DownloadSourcesJob - Downloaded sources for com.google.guava:guava:28.2-android
2025-03-04 15:46:18,672 [Worker-38: Download sources and javadoc] INFO  o.e.m.c.i.e.AbstractTransferListenerAdapter - Downloading https://repo.maven.apache.org/maven2/org/checkerframework/checker-compat-qual/2.5.5/checker-compat-qual-2.5.5-sources.jar
2025-03-04 15:46:18,674 [Worker-38: Download sources and javadoc] INFO  o.e.m.c.i.e.AbstractTransferListenerAdapter - Downloaded https://repo.maven.apache.org/maven2/org/checkerframework/checker-compat-qual/2.5.5/checker-compat-qual-2.5.5-sources.jar
2025-03-04 15:46:18,676 [Worker-38: Download sources and javadoc] INFO  o.e.m.j.internal.DownloadSourcesJob - Downloaded sources for org.checkerframework:checker-compat-qual:2.5.5
2025-03-04 15:46:18,848 [Worker-38: Download sources and javadoc] INFO  o.e.m.c.i.e.AbstractTransferListenerAdapter - Downloading https://repo.maven.apache.org/maven2/com/google/errorprone/error_prone_annotations/2.3.4/error_prone_annotations-2.3.4-sources.jar
2025-03-04 15:46:18,916 [Worker-38: Download sources and javadoc] INFO  o.e.m.c.i.e.AbstractTransferListenerAdapter - Downloaded https://repo.maven.apache.org/maven2/com/google/errorprone/error_prone_annotations/2.3.4/error_prone_annotations-2.3.4-sources.jar
2025-03-04 15:46:18,918 [Worker-38: Download sources and javadoc] INFO  o.e.m.j.internal.DownloadSourcesJob - Downloaded sources for com.google.errorprone:error_prone_annotations:2.3.4
2025-03-04 15:46:19,096 [Worker-38: Download sources and javadoc] INFO  o.e.m.c.i.e.AbstractTransferListenerAdapter - Downloading https://repo.maven.apache.org/maven2/com/github/java-json-tools/jackson-coreutils-equivalence/1.0/jackson-coreutils-equivalence-1.0-sources.jar
2025-03-04 15:46:19,100 [Worker-38: Download sources and javadoc] INFO  o.e.m.c.i.e.AbstractTransferListenerAdapter - Downloaded https://repo.maven.apache.org/maven2/com/github/java-json-tools/jackson-coreutils-equivalence/1.0/jackson-coreutils-equivalence-1.0-sources.jar
2025-03-04 15:46:19,102 [Worker-38: Download sources and javadoc] INFO  o.e.m.j.internal.DownloadSourcesJob - Downloaded sources for com.github.java-json-tools:jackson-coreutils-equivalence:1.0
2025-03-04 15:46:19,292 [Worker-38: Download sources and javadoc] INFO  o.e.m.c.i.e.AbstractTransferListenerAdapter - Downloading https://repo.maven.apache.org/maven2/com/fasterxml/jackson/core/jackson-databind/2.11.0/jackson-databind-2.11.0-sources.jar
2025-03-04 15:46:19,667 [Worker-38: Download sources and javadoc] INFO  o.e.m.c.i.e.AbstractTransferListenerAdapter - Downloaded https://repo.maven.apache.org/maven2/com/fasterxml/jackson/core/jackson-databind/2.11.0/jackson-databind-2.11.0-sources.jar
2025-03-04 15:46:19,669 [Worker-38: Download sources and javadoc] INFO  o.e.m.j.internal.DownloadSourcesJob - Downloaded sources for com.fasterxml.jackson.core:jackson-databind:2.11.0
2025-03-04 15:46:19,869 [Worker-38: Download sources and javadoc] INFO  o.e.m.c.i.e.AbstractTransferListenerAdapter - Downloading https://repo.maven.apache.org/maven2/com/fasterxml/jackson/core/jackson-annotations/2.11.0/jackson-annotations-2.11.0-sources.jar
2025-03-04 15:46:20,017 [Worker-38: Download sources and javadoc] INFO  o.e.m.c.i.e.AbstractTransferListenerAdapter - Downloaded https://repo.maven.apache.org/maven2/com/fasterxml/jackson/core/jackson-annotations/2.11.0/jackson-annotations-2.11.0-sources.jar
2025-03-04 15:46:20,020 [Worker-38: Download sources and javadoc] INFO  o.e.m.j.internal.DownloadSourcesJob - Downloaded sources for com.fasterxml.jackson.core:jackson-annotations:2.11.0
2025-03-04 15:46:20,193 [Worker-38: Download sources and javadoc] INFO  o.e.m.c.i.e.AbstractTransferListenerAdapter - Downloading https://repo.maven.apache.org/maven2/com/fasterxml/jackson/core/jackson-core/2.11.0/jackson-core-2.11.0-sources.jar
2025-03-04 15:46:20,543 [Worker-38: Download sources and javadoc] INFO  o.e.m.c.i.e.AbstractTransferListenerAdapter - Downloaded https://repo.maven.apache.org/maven2/com/fasterxml/jackson/core/jackson-core/2.11.0/jackson-core-2.11.0-sources.jar
2025-03-04 15:46:20,546 [Worker-38: Download sources and javadoc] INFO  o.e.m.j.internal.DownloadSourcesJob - Downloaded sources for com.fasterxml.jackson.core:jackson-core:2.11.0
2025-03-04 15:46:20,720 [Worker-38: Download sources and javadoc] INFO  o.e.m.c.i.e.AbstractTransferListenerAdapter - Downloading https://repo.maven.apache.org/maven2/com/github/java-json-tools/jackson-coreutils/2.0/jackson-coreutils-2.0-sources.jar
2025-03-04 15:46:20,799 [Worker-38: Download sources and javadoc] INFO  o.e.m.c.i.e.AbstractTransferListenerAdapter - Downloaded https://repo.maven.apache.org/maven2/com/github/java-json-tools/jackson-coreutils/2.0/jackson-coreutils-2.0-sources.jar
2025-03-04 15:46:20,801 [Worker-38: Download sources and javadoc] INFO  o.e.m.j.internal.DownloadSourcesJob - Downloaded sources for com.github.java-json-tools:jackson-coreutils:2.0
2025-03-04 15:46:20,977 [Worker-38: Download sources and javadoc] INFO  o.e.m.c.i.e.AbstractTransferListenerAdapter - Downloading https://repo.maven.apache.org/maven2/com/github/java-json-tools/msg-simple/1.2/msg-simple-1.2-sources.jar
2025-03-04 15:46:21,106 [Worker-38: Download sources and javadoc] INFO  o.e.m.c.i.e.AbstractTransferListenerAdapter - Downloaded https://repo.maven.apache.org/maven2/com/github/java-json-tools/msg-simple/1.2/msg-simple-1.2-sources.jar
2025-03-04 15:46:21,109 [Worker-38: Download sources and javadoc] INFO  o.e.m.j.internal.DownloadSourcesJob - Downloaded sources for com.github.java-json-tools:msg-simple:1.2
2025-03-04 15:46:21,277 [Worker-38: Download sources and javadoc] INFO  o.e.m.c.i.e.AbstractTransferListenerAdapter - Downloading https://repo.maven.apache.org/maven2/com/github/java-json-tools/btf/1.3/btf-1.3-sources.jar
2025-03-04 15:46:21,280 [Worker-38: Download sources and javadoc] INFO  o.e.m.c.i.e.AbstractTransferListenerAdapter - Downloaded https://repo.maven.apache.org/maven2/com/github/java-json-tools/btf/1.3/btf-1.3-sources.jar
2025-03-04 15:46:21,282 [Worker-38: Download sources and javadoc] INFO  o.e.m.j.internal.DownloadSourcesJob - Downloaded sources for com.github.java-json-tools:btf:1.3
2025-03-04 15:46:21,452 [Worker-38: Download sources and javadoc] INFO  o.e.m.c.i.e.AbstractTransferListenerAdapter - Downloading https://repo.maven.apache.org/maven2/com/github/java-json-tools/json-schema-core/1.2.14/json-schema-core-1.2.14-sources.jar
2025-03-04 15:46:21,718 [Worker-38: Download sources and javadoc] INFO  o.e.m.c.i.e.AbstractTransferListenerAdapter - Downloaded https://repo.maven.apache.org/maven2/com/github/java-json-tools/json-schema-core/1.2.14/json-schema-core-1.2.14-sources.jar
2025-03-04 15:46:21,720 [Worker-38: Download sources and javadoc] INFO  o.e.m.j.internal.DownloadSourcesJob - Downloaded sources for com.github.java-json-tools:json-schema-core:1.2.14
2025-03-04 15:46:21,906 [Worker-38: Download sources and javadoc] INFO  o.e.m.c.i.e.AbstractTransferListenerAdapter - Downloading https://repo.maven.apache.org/maven2/com/github/java-json-tools/uri-template/0.10/uri-template-0.10-sources.jar
2025-03-04 15:46:22,025 [Worker-38: Download sources and javadoc] INFO  o.e.m.c.i.e.AbstractTransferListenerAdapter - Downloaded https://repo.maven.apache.org/maven2/com/github/java-json-tools/uri-template/0.10/uri-template-0.10-sources.jar
2025-03-04 15:46:22,027 [Worker-38: Download sources and javadoc] INFO  o.e.m.j.internal.DownloadSourcesJob - Downloaded sources for com.github.java-json-tools:uri-template:0.10
2025-03-04 15:46:22,197 [Worker-38: Download sources and javadoc] INFO  o.e.m.c.i.e.AbstractTransferListenerAdapter - Downloading https://repo.maven.apache.org/maven2/org/mozilla/rhino/1.7.7.2/rhino-1.7.7.2-sources.jar
2025-03-04 15:46:22,645 [Worker-38: Download sources and javadoc] INFO  o.e.m.c.i.e.AbstractTransferListenerAdapter - Downloaded https://repo.maven.apache.org/maven2/org/mozilla/rhino/1.7.7.2/rhino-1.7.7.2-sources.jar
2025-03-04 15:46:22,647 [Worker-38: Download sources and javadoc] INFO  o.e.m.j.internal.DownloadSourcesJob - Downloaded sources for org.mozilla:rhino:1.7.7.2
2025-03-04 15:46:22,827 [Worker-38: Download sources and javadoc] INFO  o.e.m.c.i.e.AbstractTransferListenerAdapter - Downloading https://repo.maven.apache.org/maven2/com/sun/mail/mailapi/1.6.2/mailapi-1.6.2-sources.jar
2025-03-04 15:46:23,171 [Worker-38: Download sources and javadoc] INFO  o.e.m.c.i.e.AbstractTransferListenerAdapter - Downloaded https://repo.maven.apache.org/maven2/com/sun/mail/mailapi/1.6.2/mailapi-1.6.2-sources.jar
2025-03-04 15:46:23,173 [Worker-38: Download sources and javadoc] INFO  o.e.m.j.internal.DownloadSourcesJob - Downloaded sources for com.sun.mail:mailapi:1.6.2
2025-03-04 15:46:23,342 [Worker-38: Download sources and javadoc] INFO  o.e.m.c.i.e.AbstractTransferListenerAdapter - Downloading https://repo.maven.apache.org/maven2/joda-time/joda-time/2.10.5/joda-time-2.10.5-sources.jar
2025-03-04 15:46:23,774 [Worker-38: Download sources and javadoc] INFO  o.e.m.c.i.e.AbstractTransferListenerAdapter - Downloaded https://repo.maven.apache.org/maven2/joda-time/joda-time/2.10.5/joda-time-2.10.5-sources.jar
2025-03-04 15:46:23,776 [Worker-38: Download sources and javadoc] INFO  o.e.m.j.internal.DownloadSourcesJob - Downloaded sources for joda-time:joda-time:2.10.5
2025-03-04 15:46:23,952 [Worker-38: Download sources and javadoc] INFO  o.e.m.c.i.e.AbstractTransferListenerAdapter - Downloading https://repo.maven.apache.org/maven2/com/googlecode/libphonenumber/libphonenumber/8.11.1/libphonenumber-8.11.1-sources.jar
2025-03-04 15:46:24,251 [Worker-38: Download sources and javadoc] INFO  o.e.m.c.i.e.AbstractTransferListenerAdapter - Downloaded https://repo.maven.apache.org/maven2/com/googlecode/libphonenumber/libphonenumber/8.11.1/libphonenumber-8.11.1-sources.jar
2025-03-04 15:46:24,253 [Worker-38: Download sources and javadoc] INFO  o.e.m.j.internal.DownloadSourcesJob - Downloaded sources for com.googlecode.libphonenumber:libphonenumber:8.11.1
2025-03-04 15:46:24,419 [Worker-38: Download sources and javadoc] INFO  o.e.m.c.i.e.AbstractTransferListenerAdapter - Downloading https://repo.maven.apache.org/maven2/net/sf/jopt-simple/jopt-simple/5.0.4/jopt-simple-5.0.4-sources.jar
2025-03-04 15:46:24,578 [Worker-38: Download sources and javadoc] INFO  o.e.m.c.i.e.AbstractTransferListenerAdapter - Downloaded https://repo.maven.apache.org/maven2/net/sf/jopt-simple/jopt-simple/5.0.4/jopt-simple-5.0.4-sources.jar
2025-03-04 15:46:24,581 [Worker-38: Download sources and javadoc] INFO  o.e.m.j.internal.DownloadSourcesJob - Downloaded sources for net.sf.jopt-simple:jopt-simple:5.0.4
2025-03-04 15:46:49,236 [Worker-6: Loading available Gradle versions] INFO  o.e.b.c.i.u.g.PublishedGradleVersions - Gradle version information cache is up-to-date. Trying to read.
2025-03-04 15:49:50,857 [main] INFO  o.e.m.jdt.internal.UnitTestSupport - Updating JSONSchemaValidation from maven configuration
2025-03-04 15:49:53,523 [Worker-3: Launching JSONSchemaValidation] WARN  o.a.m.s.f.DefaultMavenResourcesFiltering - Using platform encoding (UTF-8 actually) to copy filtered resources, i.e. build is platform dependent!
2025-03-04 15:49:53,524 [Worker-3: Launching JSONSchemaValidation] INFO  o.a.m.s.f.DefaultMavenResourcesFiltering - skip non existing resourceDirectory C:\Users\athik\RestAssured-API-workspace\RestAssured.APIAutomation\src\main\resources
2025-03-04 15:49:53,528 [Worker-3: Launching JSONSchemaValidation] WARN  o.a.m.s.f.DefaultMavenResourcesFiltering - Using platform encoding (UTF-8 actually) to copy filtered resources, i.e. build is platform dependent!
2025-03-04 15:49:53,533 [Worker-3: Launching JSONSchemaValidation] INFO  o.a.m.s.f.DefaultMavenResourcesFiltering - Copying 1 resource from src\test\resources to target\test-classes
2025-03-04 15:52:57,839 [Worker-3: Launching JSONSchemaValidation] WARN  o.a.m.s.f.DefaultMavenResourcesFiltering - Using platform encoding (UTF-8 actually) to copy filtered resources, i.e. build is platform dependent!
2025-03-04 15:52:57,840 [Worker-3: Launching JSONSchemaValidation] INFO  o.a.m.s.f.DefaultMavenResourcesFiltering - skip non existing resourceDirectory C:\Users\athik\RestAssured-API-workspace\RestAssured.APIAutomation\src\main\resources
2025-03-04 15:52:57,841 [Worker-3: Launching JSONSchemaValidation] WARN  o.a.m.s.f.DefaultMavenResourcesFiltering - Using platform encoding (UTF-8 actually) to copy filtered resources, i.e. build is platform dependent!
2025-03-04 15:52:57,842 [Worker-3: Launching JSONSchemaValidation] INFO  o.a.m.s.f.DefaultMavenResourcesFiltering - Copying 1 resource from src\test\resources to target\test-classes
2025-03-04 15:54:03,616 [Worker-1: Launching JSONSchemaValidation] WARN  o.a.m.s.f.DefaultMavenResourcesFiltering - Using platform encoding (UTF-8 actually) to copy filtered resources, i.e. build is platform dependent!
2025-03-04 15:54:03,616 [Worker-1: Launching JSONSchemaValidation] INFO  o.a.m.s.f.DefaultMavenResourcesFiltering - skip non existing resourceDirectory C:\Users\athik\RestAssured-API-workspace\RestAssured.APIAutomation\src\main\resources
2025-03-04 15:54:03,618 [Worker-1: Launching JSONSchemaValidation] WARN  o.a.m.s.f.DefaultMavenResourcesFiltering - Using platform encoding (UTF-8 actually) to copy filtered resources, i.e. build is platform dependent!
2025-03-04 15:54:03,619 [Worker-1: Launching JSONSchemaValidation] INFO  o.a.m.s.f.DefaultMavenResourcesFiltering - Copying 1 resource from src\test\resources to target\test-classes
2025-03-04 17:18:06,121 [main] INFO  o.e.m.jdt.internal.UnitTestSupport - Updating XMLSchemaValidation from maven configuration
2025-03-04 17:18:07,922 [Worker-46: Launching XMLSchemaValidation] WARN  o.a.m.s.f.DefaultMavenResourcesFiltering - Using platform encoding (UTF-8 actually) to copy filtered resources, i.e. build is platform dependent!
2025-03-04 17:18:07,923 [Worker-46: Launching XMLSchemaValidation] INFO  o.a.m.s.f.DefaultMavenResourcesFiltering - skip non existing resourceDirectory C:\Users\athik\RestAssured-API-workspace\RestAssured.APIAutomation\src\main\resources
2025-03-04 17:18:07,926 [Worker-46: Launching XMLSchemaValidation] WARN  o.a.m.s.f.DefaultMavenResourcesFiltering - Using platform encoding (UTF-8 actually) to copy filtered resources, i.e. build is platform dependent!
2025-03-04 17:18:07,927 [Worker-46: Launching XMLSchemaValidation] INFO  o.a.m.s.f.DefaultMavenResourcesFiltering - Copying 2 resources from src\test\resources to target\test-classes
2025-03-04 17:21:20,755 [Worker-34: Launching XMLSchemaValidation] WARN  o.a.m.s.f.DefaultMavenResourcesFiltering - Using platform encoding (UTF-8 actually) to copy filtered resources, i.e. build is platform dependent!
2025-03-04 17:21:20,756 [Worker-34: Launching XMLSchemaValidation] INFO  o.a.m.s.f.DefaultMavenResourcesFiltering - skip non existing resourceDirectory C:\Users\athik\RestAssured-API-workspace\RestAssured.APIAutomation\src\main\resources
2025-03-04 17:21:20,757 [Worker-34: Launching XMLSchemaValidation] WARN  o.a.m.s.f.DefaultMavenResourcesFiltering - Using platform encoding (UTF-8 actually) to copy filtered resources, i.e. build is platform dependent!
2025-03-04 17:21:20,758 [Worker-34: Launching XMLSchemaValidation] INFO  o.a.m.s.f.DefaultMavenResourcesFiltering - Copying 2 resources from src\test\resources to target\test-classes
2025-03-04 17:22:54,991 [Worker-49: Launching XMLSchemaValidation] WARN  o.a.m.s.f.DefaultMavenResourcesFiltering - Using platform encoding (UTF-8 actually) to copy filtered resources, i.e. build is platform dependent!
2025-03-04 17:22:54,992 [Worker-49: Launching XMLSchemaValidation] INFO  o.a.m.s.f.DefaultMavenResourcesFiltering - skip non existing resourceDirectory C:\Users\athik\RestAssured-API-workspace\RestAssured.APIAutomation\src\main\resources
2025-03-04 17:22:54,993 [Worker-49: Launching XMLSchemaValidation] WARN  o.a.m.s.f.DefaultMavenResourcesFiltering - Using platform encoding (UTF-8 actually) to copy filtered resources, i.e. build is platform dependent!
2025-03-04 17:22:54,994 [Worker-49: Launching XMLSchemaValidation] INFO  o.a.m.s.f.DefaultMavenResourcesFiltering - Copying 2 resources from src\test\resources to target\test-classes
2025-03-04 17:25:58,930 [Worker-53: Launching XMLSchemaValidation] WARN  o.a.m.s.f.DefaultMavenResourcesFiltering - Using platform encoding (UTF-8 actually) to copy filtered resources, i.e. build is platform dependent!
2025-03-04 17:25:58,931 [Worker-53: Launching XMLSchemaValidation] INFO  o.a.m.s.f.DefaultMavenResourcesFiltering - skip non existing resourceDirectory C:\Users\athik\RestAssured-API-workspace\RestAssured.APIAutomation\src\main\resources
2025-03-04 17:25:58,932 [Worker-53: Launching XMLSchemaValidation] WARN  o.a.m.s.f.DefaultMavenResourcesFiltering - Using platform encoding (UTF-8 actually) to copy filtered resources, i.e. build is platform dependent!
2025-03-04 17:25:58,934 [Worker-53: Launching XMLSchemaValidation] INFO  o.a.m.s.f.DefaultMavenResourcesFiltering - Copying 1 resource from src\test\resources to target\test-classes
2025-03-04 17:57:42,583 [main] INFO  o.e.m.jdt.internal.UnitTestSupport - Updating SerializationAndDeSerialization from maven configuration
2025-03-04 17:57:42,754 [Worker-68: Launching SerializationAndDeSerialization] WARN  o.a.m.s.f.DefaultMavenResourcesFiltering - Using platform encoding (UTF-8 actually) to copy filtered resources, i.e. build is platform dependent!
2025-03-04 17:57:42,755 [Worker-68: Launching SerializationAndDeSerialization] INFO  o.a.m.s.f.DefaultMavenResourcesFiltering - skip non existing resourceDirectory C:\Users\athik\RestAssured-API-workspace\RestAssured.APIAutomation\src\main\resources
2025-03-04 17:57:42,758 [Worker-68: Launching SerializationAndDeSerialization] WARN  o.a.m.s.f.DefaultMavenResourcesFiltering - Using platform encoding (UTF-8 actually) to copy filtered resources, i.e. build is platform dependent!
2025-03-04 17:57:42,759 [Worker-68: Launching SerializationAndDeSerialization] INFO  o.a.m.s.f.DefaultMavenResourcesFiltering - Copying 2 resources from src\test\resources to target\test-classes
2025-03-04 18:04:46,365 [Worker-69: Launching SerializationAndDeSerialization] WARN  o.a.m.s.f.DefaultMavenResourcesFiltering - Using platform encoding (UTF-8 actually) to copy filtered resources, i.e. build is platform dependent!
2025-03-04 18:04:46,366 [Worker-69: Launching SerializationAndDeSerialization] INFO  o.a.m.s.f.DefaultMavenResourcesFiltering - skip non existing resourceDirectory C:\Users\athik\RestAssured-API-workspace\RestAssured.APIAutomation\src\main\resources
2025-03-04 18:04:46,367 [Worker-69: Launching SerializationAndDeSerialization] WARN  o.a.m.s.f.DefaultMavenResourcesFiltering - Using platform encoding (UTF-8 actually) to copy filtered resources, i.e. build is platform dependent!
2025-03-04 18:04:46,368 [Worker-69: Launching SerializationAndDeSerialization] INFO  o.a.m.s.f.DefaultMavenResourcesFiltering - Copying 2 resources from src\test\resources to target\test-classes
2025-03-04 18:05:21,020 [Worker-70: Launching SerializationAndDeSerialization] WARN  o.a.m.s.f.DefaultMavenResourcesFiltering - Using platform encoding (UTF-8 actually) to copy filtered resources, i.e. build is platform dependent!
2025-03-04 18:05:21,020 [Worker-70: Launching SerializationAndDeSerialization] INFO  o.a.m.s.f.DefaultMavenResourcesFiltering - skip non existing resourceDirectory C:\Users\athik\RestAssured-API-workspace\RestAssured.APIAutomation\src\main\resources
2025-03-04 18:05:21,022 [Worker-70: Launching SerializationAndDeSerialization] WARN  o.a.m.s.f.DefaultMavenResourcesFiltering - Using platform encoding (UTF-8 actually) to copy filtered resources, i.e. build is platform dependent!
2025-03-04 18:05:21,023 [Worker-70: Launching SerializationAndDeSerialization] INFO  o.a.m.s.f.DefaultMavenResourcesFiltering - Copying 2 resources from src\test\resources to target\test-classes
2025-03-04 18:06:17,731 [Worker-69: Launching SerializationAndDeSerialization] WARN  o.a.m.s.f.DefaultMavenResourcesFiltering - Using platform encoding (UTF-8 actually) to copy filtered resources, i.e. build is platform dependent!
2025-03-04 18:06:17,732 [Worker-69: Launching SerializationAndDeSerialization] INFO  o.a.m.s.f.DefaultMavenResourcesFiltering - skip non existing resourceDirectory C:\Users\athik\RestAssured-API-workspace\RestAssured.APIAutomation\src\main\resources
2025-03-04 18:06:17,733 [Worker-69: Launching SerializationAndDeSerialization] WARN  o.a.m.s.f.DefaultMavenResourcesFiltering - Using platform encoding (UTF-8 actually) to copy filtered resources, i.e. build is platform dependent!
2025-03-04 18:06:17,734 [Worker-69: Launching SerializationAndDeSerialization] INFO  o.a.m.s.f.DefaultMavenResourcesFiltering - Copying 2 resources from src\test\resources to target\test-classes
2025-03-04 19:15:55,239 [main] INFO  o.e.m.jdt.internal.UnitTestSupport - Updating Authentications from maven configuration
2025-03-04 19:15:55,382 [Worker-69: Launching Authentications] WARN  o.a.m.s.f.DefaultMavenResourcesFiltering - Using platform encoding (UTF-8 actually) to copy filtered resources, i.e. build is platform dependent!
2025-03-04 19:15:55,383 [Worker-69: Launching Authentications] INFO  o.a.m.s.f.DefaultMavenResourcesFiltering - skip non existing resourceDirectory C:\Users\athik\RestAssured-API-workspace\RestAssured.APIAutomation\src\main\resources
2025-03-04 19:15:55,384 [Worker-69: Launching Authentications] WARN  o.a.m.s.f.DefaultMavenResourcesFiltering - Using platform encoding (UTF-8 actually) to copy filtered resources, i.e. build is platform dependent!
2025-03-04 19:15:55,385 [Worker-69: Launching Authentications] INFO  o.a.m.s.f.DefaultMavenResourcesFiltering - Copying 2 resources from src\test\resources to target\test-classes
2025-03-04 19:17:05,912 [Worker-69: Launching Authentications] WARN  o.a.m.s.f.DefaultMavenResourcesFiltering - Using platform encoding (UTF-8 actually) to copy filtered resources, i.e. build is platform dependent!
2025-03-04 19:17:05,913 [Worker-69: Launching Authentications] INFO  o.a.m.s.f.DefaultMavenResourcesFiltering - skip non existing resourceDirectory C:\Users\athik\RestAssured-API-workspace\RestAssured.APIAutomation\src\main\resources
2025-03-04 19:17:05,914 [Worker-69: Launching Authentications] WARN  o.a.m.s.f.DefaultMavenResourcesFiltering - Using platform encoding (UTF-8 actually) to copy filtered resources, i.e. build is platform dependent!
2025-03-04 19:17:05,916 [Worker-69: Launching Authentications] INFO  o.a.m.s.f.DefaultMavenResourcesFiltering - Copying 2 resources from src\test\resources to target\test-classes
2025-03-04 19:17:45,414 [Worker-76: Launching Authentications] WARN  o.a.m.s.f.DefaultMavenResourcesFiltering - Using platform encoding (UTF-8 actually) to copy filtered resources, i.e. build is platform dependent!
2025-03-04 19:17:45,414 [Worker-76: Launching Authentications] INFO  o.a.m.s.f.DefaultMavenResourcesFiltering - skip non existing resourceDirectory C:\Users\athik\RestAssured-API-workspace\RestAssured.APIAutomation\src\main\resources
2025-03-04 19:17:45,415 [Worker-76: Launching Authentications] WARN  o.a.m.s.f.DefaultMavenResourcesFiltering - Using platform encoding (UTF-8 actually) to copy filtered resources, i.e. build is platform dependent!
2025-03-04 19:17:45,416 [Worker-76: Launching Authentications] INFO  o.a.m.s.f.DefaultMavenResourcesFiltering - Copying 2 resources from src\test\resources to target\test-classes
2025-03-04 19:20:39,247 [Worker-76: Launching Authentications] WARN  o.a.m.s.f.DefaultMavenResourcesFiltering - Using platform encoding (UTF-8 actually) to copy filtered resources, i.e. build is platform dependent!
2025-03-04 19:20:39,247 [Worker-76: Launching Authentications] INFO  o.a.m.s.f.DefaultMavenResourcesFiltering - skip non existing resourceDirectory C:\Users\athik\RestAssured-API-workspace\RestAssured.APIAutomation\src\main\resources
2025-03-04 19:20:39,249 [Worker-76: Launching Authentications] WARN  o.a.m.s.f.DefaultMavenResourcesFiltering - Using platform encoding (UTF-8 actually) to copy filtered resources, i.e. build is platform dependent!
2025-03-04 19:20:39,250 [Worker-76: Launching Authentications] INFO  o.a.m.s.f.DefaultMavenResourcesFiltering - Copying 2 resources from src\test\resources to target\test-classes
2025-03-04 19:48:03,865 [Worker-91: Cleaning all projects] INFO  o.e.m.c.i.l.LifecycleMappingFactory - Using org.eclipse.m2e.jdt.JarLifecycleMapping lifecycle mapping for MavenProject: com.example:restassured-api:1.0-SNAPSHOT @ C:\Users\athik\RestAssured-API-workspace\RestAssured.APIAutomation\pom.xml.
2025-03-04 19:48:04,935 [Worker-91: Cleaning all projects] INFO  o.e.m.c.i.e.AbstractTransferListenerAdapter - Downloading https://repo.maven.apache.org/maven2/com/github/javafaker/javafaker/1.0.2/javafaker-1.0.2.pom
2025-03-04 19:48:04,942 [Worker-91: Cleaning all projects] INFO  o.e.m.c.i.e.AbstractTransferListenerAdapter - Downloaded https://repo.maven.apache.org/maven2/com/github/javafaker/javafaker/1.0.2/javafaker-1.0.2.pom
2025-03-04 19:48:05,005 [Worker-91: Cleaning all projects] INFO  o.e.m.c.i.e.AbstractTransferListenerAdapter - Downloading https://repo.maven.apache.org/maven2/org/apache/commons/commons-lang3/3.5/commons-lang3-3.5.pom
2025-03-04 19:48:05,039 [Worker-91: Cleaning all projects] INFO  o.e.m.c.i.e.AbstractTransferListenerAdapter - Downloaded https://repo.maven.apache.org/maven2/org/apache/commons/commons-lang3/3.5/commons-lang3-3.5.pom
2025-03-04 19:48:05,102 [Worker-91: Cleaning all projects] INFO  o.e.m.c.i.e.AbstractTransferListenerAdapter - Downloading https://repo.maven.apache.org/maven2/org/apache/commons/commons-parent/41/commons-parent-41.pom
2025-03-04 19:48:05,187 [Worker-91: Cleaning all projects] INFO  o.e.m.c.i.e.AbstractTransferListenerAdapter - Downloaded https://repo.maven.apache.org/maven2/org/apache/commons/commons-parent/41/commons-parent-41.pom
2025-03-04 19:48:05,252 [Worker-91: Cleaning all projects] INFO  o.e.m.c.i.e.AbstractTransferListenerAdapter - Downloading https://repo.maven.apache.org/maven2/org/yaml/snakeyaml/1.23/snakeyaml-1.23.pom
2025-03-04 19:48:05,265 [Worker-91: Cleaning all projects] INFO  o.e.m.c.i.e.AbstractTransferListenerAdapter - Downloaded https://repo.maven.apache.org/maven2/org/yaml/snakeyaml/1.23/snakeyaml-1.23.pom
2025-03-04 19:48:05,327 [Worker-91: Cleaning all projects] INFO  o.e.m.c.i.e.AbstractTransferListenerAdapter - Downloading https://repo.maven.apache.org/maven2/com/github/mifmif/generex/1.0.2/generex-1.0.2.pom
2025-03-04 19:48:05,332 [Worker-91: Cleaning all projects] INFO  o.e.m.c.i.e.AbstractTransferListenerAdapter - Downloaded https://repo.maven.apache.org/maven2/com/github/mifmif/generex/1.0.2/generex-1.0.2.pom
2025-03-04 19:48:05,398 [Worker-91: Cleaning all projects] INFO  o.e.m.c.i.e.AbstractTransferListenerAdapter - Downloading https://repo.maven.apache.org/maven2/dk/brics/automaton/automaton/1.11-8/automaton-1.11-8.pom
2025-03-04 19:48:05,401 [Worker-91: Cleaning all projects] INFO  o.e.m.c.i.e.AbstractTransferListenerAdapter - Downloaded https://repo.maven.apache.org/maven2/dk/brics/automaton/automaton/1.11-8/automaton-1.11-8.pom
2025-03-04 19:48:05,569 [Worker-91: Cleaning all projects] INFO  o.e.m.c.i.e.AbstractTransferListenerAdapter - Downloading https://repo.maven.apache.org/maven2/com/github/javafaker/javafaker/1.0.2/javafaker-1.0.2.jar
2025-03-04 19:48:05,870 [Worker-91: Cleaning all projects] INFO  o.e.m.c.i.e.AbstractTransferListenerAdapter - Downloaded https://repo.maven.apache.org/maven2/com/github/javafaker/javafaker/1.0.2/javafaker-1.0.2.jar
2025-03-04 19:48:05,931 [BasicRepositoryConnector-repo.maven.apache.org-0-1] INFO  o.e.m.c.i.e.AbstractTransferListenerAdapter - Downloading https://repo.maven.apache.org/maven2/com/github/mifmif/generex/1.0.2/generex-1.0.2.jar
2025-03-04 19:48:05,935 [BasicRepositoryConnector-repo.maven.apache.org-0-1] INFO  o.e.m.c.i.e.AbstractTransferListenerAdapter - Downloaded https://repo.maven.apache.org/maven2/com/github/mifmif/generex/1.0.2/generex-1.0.2.jar
2025-03-04 19:48:06,052 [BasicRepositoryConnector-repo.maven.apache.org-0-2] INFO  o.e.m.c.i.e.AbstractTransferListenerAdapter - Downloading https://repo.maven.apache.org/maven2/dk/brics/automaton/automaton/1.11-8/automaton-1.11-8.jar
2025-03-04 19:48:06,061 [BasicRepositoryConnector-repo.maven.apache.org-0-0] INFO  o.e.m.c.i.e.AbstractTransferListenerAdapter - Downloading https://repo.maven.apache.org/maven2/org/yaml/snakeyaml/1.23/snakeyaml-1.23-android.jar
2025-03-04 19:48:06,281 [BasicRepositoryConnector-repo.maven.apache.org-0-2] INFO  o.e.m.c.i.e.AbstractTransferListenerAdapter - Downloaded https://repo.maven.apache.org/maven2/dk/brics/automaton/automaton/1.11-8/automaton-1.11-8.jar
2025-03-04 19:48:06,356 [BasicRepositoryConnector-repo.maven.apache.org-0-0] INFO  o.e.m.c.i.e.AbstractTransferListenerAdapter - Downloaded https://repo.maven.apache.org/maven2/org/yaml/snakeyaml/1.23/snakeyaml-1.23-android.jar
2025-03-04 19:48:06,654 [Worker-92: Building Workspace] WARN  o.a.m.s.f.DefaultMavenResourcesFiltering - Using platform encoding (UTF-8 actually) to copy filtered resources, i.e. build is platform dependent!
2025-03-04 19:48:06,655 [Worker-92: Building Workspace] INFO  o.a.m.s.f.DefaultMavenResourcesFiltering - skip non existing resourceDirectory C:\Users\athik\RestAssured-API-workspace\RestAssured.APIAutomation\src\main\resources
2025-03-04 19:48:06,658 [Worker-92: Building Workspace] WARN  o.a.m.s.f.DefaultMavenResourcesFiltering - Using platform encoding (UTF-8 actually) to copy filtered resources, i.e. build is platform dependent!
2025-03-04 19:48:06,659 [Worker-92: Building Workspace] INFO  o.a.m.s.f.DefaultMavenResourcesFiltering - Copying 2 resources from src\test\resources to target\test-classes
2025-03-04 19:48:07,615 [Worker-89: Download sources and javadoc] INFO  o.e.m.c.i.e.AbstractTransferListenerAdapter - Downloading https://repo.maven.apache.org/maven2/com/github/javafaker/javafaker/1.0.2/javafaker-1.0.2-sources.jar
2025-03-04 19:48:08,068 [Worker-89: Download sources and javadoc] INFO  o.e.m.c.i.e.AbstractTransferListenerAdapter - Downloaded https://repo.maven.apache.org/maven2/com/github/javafaker/javafaker/1.0.2/javafaker-1.0.2-sources.jar
2025-03-04 19:48:08,073 [Worker-89: Download sources and javadoc] INFO  o.e.m.j.internal.DownloadSourcesJob - Downloaded sources for com.github.javafaker:javafaker:1.0.2
2025-03-04 19:48:08,245 [Worker-89: Download sources and javadoc] INFO  o.e.m.c.i.e.AbstractTransferListenerAdapter - Downloading https://repo.maven.apache.org/maven2/org/yaml/snakeyaml/1.23/snakeyaml-1.23-sources.jar
2025-03-04 19:48:08,531 [Worker-89: Download sources and javadoc] INFO  o.e.m.c.i.e.AbstractTransferListenerAdapter - Downloaded https://repo.maven.apache.org/maven2/org/yaml/snakeyaml/1.23/snakeyaml-1.23-sources.jar
2025-03-04 19:48:08,534 [Worker-89: Download sources and javadoc] INFO  o.e.m.j.internal.DownloadSourcesJob - Downloaded sources for org.yaml:snakeyaml:1.23android
2025-03-04 19:48:08,705 [Worker-89: Download sources and javadoc] INFO  o.e.m.c.i.e.AbstractTransferListenerAdapter - Downloading https://repo.maven.apache.org/maven2/com/github/mifmif/generex/1.0.2/generex-1.0.2-sources.jar
2025-03-04 19:48:08,767 [Worker-89: Download sources and javadoc] INFO  o.e.m.c.i.e.AbstractTransferListenerAdapter - Downloaded https://repo.maven.apache.org/maven2/com/github/mifmif/generex/1.0.2/generex-1.0.2-sources.jar
2025-03-04 19:48:08,769 [Worker-89: Download sources and javadoc] INFO  o.e.m.j.internal.DownloadSourcesJob - Downloaded sources for com.github.mifmif:generex:1.0.2
2025-03-04 19:48:09,003 [Worker-89: Download sources and javadoc] INFO  o.e.m.c.i.e.AbstractTransferListenerAdapter - Downloading https://repo.maven.apache.org/maven2/dk/brics/automaton/automaton/1.11-8/automaton-1.11-8-sources.jar
2025-03-04 19:48:09,154 [Worker-89: Download sources and javadoc] INFO  o.e.m.c.i.e.AbstractTransferListenerAdapter - Downloaded https://repo.maven.apache.org/maven2/dk/brics/automaton/automaton/1.11-8/automaton-1.11-8-sources.jar
2025-03-04 19:48:09,156 [Worker-89: Download sources and javadoc] INFO  o.e.m.j.internal.DownloadSourcesJob - Downloaded sources for dk.brics.automaton:automaton:1.11-8
2025-03-04 19:48:11,216 [Worker-92: Building Workspace] WARN  o.a.m.s.f.DefaultMavenResourcesFiltering - Using platform encoding (UTF-8 actually) to copy filtered resources, i.e. build is platform dependent!
2025-03-04 19:48:11,217 [Worker-92: Building Workspace] INFO  o.a.m.s.f.DefaultMavenResourcesFiltering - skip non existing resourceDirectory C:\Users\athik\RestAssured-API-workspace\RestAssured.APIAutomation\src\main\resources
2025-03-04 19:48:11,219 [Worker-92: Building Workspace] WARN  o.a.m.s.f.DefaultMavenResourcesFiltering - Using platform encoding (UTF-8 actually) to copy filtered resources, i.e. build is platform dependent!
2025-03-04 19:48:11,220 [Worker-92: Building Workspace] INFO  o.a.m.s.f.DefaultMavenResourcesFiltering - Copying 2 resources from src\test\resources to target\test-classes
2025-03-04 19:49:29,890 [main] INFO  o.e.m.jdt.internal.UnitTestSupport - Updating FakerDataGeneration from maven configuration
2025-03-04 19:49:30,288 [Worker-91: Launching FakerDataGeneration] WARN  o.a.m.s.f.DefaultMavenResourcesFiltering - Using platform encoding (UTF-8 actually) to copy filtered resources, i.e. build is platform dependent!
2025-03-04 19:49:30,288 [Worker-91: Launching FakerDataGeneration] INFO  o.a.m.s.f.DefaultMavenResourcesFiltering - skip non existing resourceDirectory C:\Users\athik\RestAssured-API-workspace\RestAssured.APIAutomation\src\main\resources
2025-03-04 19:49:30,290 [Worker-91: Launching FakerDataGeneration] WARN  o.a.m.s.f.DefaultMavenResourcesFiltering - Using platform encoding (UTF-8 actually) to copy filtered resources, i.e. build is platform dependent!
2025-03-04 19:49:30,291 [Worker-91: Launching FakerDataGeneration] INFO  o.a.m.s.f.DefaultMavenResourcesFiltering - Copying 2 resources from src\test\resources to target\test-classes
2025-03-04 20:03:53,836 [Worker-1: Loading available Gradle versions] INFO  o.e.b.c.i.u.g.PublishedGradleVersions - Gradle version information cache is up-to-date. Trying to read.
2025-03-04 22:47:20,759 [main] INFO  o.e.m.jdt.internal.UnitTestSupport - Updating CreateUser from maven configuration
2025-03-04 22:47:21,911 [Worker-49: Launching CreateUser] WARN  o.a.m.s.f.DefaultMavenResourcesFiltering - Using platform encoding (UTF-8 actually) to copy filtered resources, i.e. build is platform dependent!
2025-03-04 22:47:21,911 [Worker-49: Launching CreateUser] INFO  o.a.m.s.f.DefaultMavenResourcesFiltering - skip non existing resourceDirectory C:\Users\athik\git\RestAssured-API-Repo\RestAssured-API-workspace\RestAssured.APIAutomation\src\main\resources
2025-03-04 22:47:21,915 [Worker-49: Launching CreateUser] WARN  o.a.m.s.f.DefaultMavenResourcesFiltering - Using platform encoding (UTF-8 actually) to copy filtered resources, i.e. build is platform dependent!
2025-03-04 22:47:21,917 [Worker-49: Launching CreateUser] INFO  o.a.m.s.f.DefaultMavenResourcesFiltering - Copying 2 resources from src\test\resources to target\test-classes
2025-03-04 22:48:32,196 [Worker-49: Launching CreateUser] WARN  o.a.m.s.f.DefaultMavenResourcesFiltering - Using platform encoding (UTF-8 actually) to copy filtered resources, i.e. build is platform dependent!
2025-03-04 22:48:32,197 [Worker-49: Launching CreateUser] INFO  o.a.m.s.f.DefaultMavenResourcesFiltering - skip non existing resourceDirectory C:\Users\athik\git\RestAssured-API-Repo\RestAssured-API-workspace\RestAssured.APIAutomation\src\main\resources
2025-03-04 22:48:32,199 [Worker-49: Launching CreateUser] WARN  o.a.m.s.f.DefaultMavenResourcesFiltering - Using platform encoding (UTF-8 actually) to copy filtered resources, i.e. build is platform dependent!
2025-03-04 22:48:32,200 [Worker-49: Launching CreateUser] INFO  o.a.m.s.f.DefaultMavenResourcesFiltering - Copying 2 resources from src\test\resources to target\test-classes
2025-03-04 22:58:08,399 [main] INFO  o.e.m.jdt.internal.UnitTestSupport - Updating GetUser from maven configuration
2025-03-04 22:58:08,563 [Worker-53: Launching GetUser] WARN  o.a.m.s.f.DefaultMavenResourcesFiltering - Using platform encoding (UTF-8 actually) to copy filtered resources, i.e. build is platform dependent!
2025-03-04 22:58:08,563 [Worker-53: Launching GetUser] INFO  o.a.m.s.f.DefaultMavenResourcesFiltering - skip non existing resourceDirectory C:\Users\athik\git\RestAssured-API-Repo\RestAssured-API-workspace\RestAssured.APIAutomation\src\main\resources
2025-03-04 22:58:08,565 [Worker-53: Launching GetUser] WARN  o.a.m.s.f.DefaultMavenResourcesFiltering - Using platform encoding (UTF-8 actually) to copy filtered resources, i.e. build is platform dependent!
2025-03-04 22:58:08,566 [Worker-53: Launching GetUser] INFO  o.a.m.s.f.DefaultMavenResourcesFiltering - Copying 2 resources from src\test\resources to target\test-classes
2025-03-05 03:11:48,736 [main] INFO  o.e.m.jdt.internal.UnitTestSupport - Updating RestAssured.APIAutomation_src.test.java.APIChaining.testng.xml from maven configuration
2025-03-05 03:11:48,913 [Worker-51: Launching RestAssured.APIAutomation_src.test.java.APIChaining.testng.xml] WARN  o.a.m.s.f.DefaultMavenResourcesFiltering - Using platform encoding (UTF-8 actually) to copy filtered resources, i.e. build is platform dependent!
2025-03-05 03:11:48,938 [Worker-51: Launching RestAssured.APIAutomation_src.test.java.APIChaining.testng.xml] INFO  o.a.m.s.f.DefaultMavenResourcesFiltering - skip non existing resourceDirectory C:\Users\athik\git\RestAssured-API-Repo\RestAssured-API-workspace\RestAssured.APIAutomation\src\main\resources
2025-03-05 03:11:48,940 [Worker-51: Launching RestAssured.APIAutomation_src.test.java.APIChaining.testng.xml] WARN  o.a.m.s.f.DefaultMavenResourcesFiltering - Using platform encoding (UTF-8 actually) to copy filtered resources, i.e. build is platform dependent!
2025-03-05 03:11:48,942 [Worker-51: Launching RestAssured.APIAutomation_src.test.java.APIChaining.testng.xml] INFO  o.a.m.s.f.DefaultMavenResourcesFiltering - Copying 2 resources from src\test\resources to target\test-classes
2025-03-05 03:34:39,737 [Worker-66: Creating project "PetStoreAutomation"] INFO  o.e.m.c.i.l.LifecycleMappingFactory - Using org.eclipse.m2e.jdt.JarLifecycleMapping lifecycle mapping for MavenProject: PetStoreAutomation:PetStoreAutomation:0.0.1-SNAPSHOT @ C:\Users\athik\git\RestAssured-API-Repo\RestAssured-API-workspace\PetStoreAutomation\pom.xml.
2025-03-05 03:34:40,080 [Worker-66: Creating project "PetStoreAutomation"] INFO  o.e.m.j.i.AbstractJavaProjectConfigurator - Adding source folder /PetStoreAutomation/src/main/java
2025-03-05 03:34:40,080 [Worker-66: Creating project "PetStoreAutomation"] INFO  o.e.m.j.i.AbstractJavaProjectConfigurator - Adding resource folder /PetStoreAutomation/src/main/resources
2025-03-05 03:34:40,081 [Worker-66: Creating project "PetStoreAutomation"] INFO  o.e.m.j.i.AbstractJavaProjectConfigurator - Adding source folder /PetStoreAutomation/src/test/java
2025-03-05 03:34:40,081 [Worker-66: Creating project "PetStoreAutomation"] INFO  o.e.m.j.i.AbstractJavaProjectConfigurator - Adding resource folder /PetStoreAutomation/src/test/resources
